{"30-07-2020 16:24:47:286796": {"sunlight": 12568, "temperature": 74.77527734374999, "humidity": 87.96743774414062, "moisture": 28.920371275036636}, "water_action": 1, "fan_action": 0, "heat_action": 0, "light_action": 0}