{"19-08-2020 12:00:16": {"sunlight": 8577, "temperature": 72.43935107421876, "humidity": 76.66067504882812, "soil_moisture": 73}}