{"10-08-2020 22:52:44": {"sunlight": 5053, "temperature": 71.70575439453125, "humidity": 68.22256469726562, "soil_moisture": 81}}