{"19-08-2020 13:01:42": {"sunlight": 12478, "temperature": 73.96445996093749, "humidity": 67.65036010742188, "soil_moisture": 74}}