{"off,off,off": {"hits": 151, "temperature": {"1": {"effect": 3.075, "hits": 10}, "2": {"effect": 1.2311671162024123e-05, "hits": 38}, "3": {"effect": -0.02851906606228438, "hits": 82}, "4": {"effect": -0.0531030893325805, "hits": 27}, "5": {"effect": 0.0, "hits": 2}}, "humidity": {"1": {"effect": 1.625, "hits": 10}, "2": {"effect": 0.458754301071167, "hits": 29}, "3": {"effect": 0.21966291446648484, "hits": 58}, "4": {"effect": 0.08552020755596462, "hits": 35}, "5": {"effect": 9.24348831176161e-05, "hits": 27}}, "soil_moisture": {"1": {"effect": 2.9625000000000004, "hits": 10}, "2": {"effect": -0.1, "hits": 2}, "3": {"effect": -0.1, "hits": 2}, "4": {"effect": -0.10000014305114746, "hits": 140}, "5": {"effect": -0.1, "hits": 5}}}, "off,off,low": {"hits": 87, "temperature": {"1": {"effect": 1.3125000000000002, "hits": 4}, "2": {"effect": 0.199807271984173, "hits": 35}, "3": {"effect": 0.2328317005850312, "hits": 49}, "4": {"effect": -0.21874999999999978, "hits": 5}, "5": {"effect": 0.1500000000000004, "hits": 2}}, "humidity": {"1": {"effect": 2.5, "hits": 4}, "2": {"effect": 0.5079685211181642, "hits": 20}, "3": {"effect": 0.20261433755731548, "hits": 39}, "4": {"effect": 0.14018192291259773, "hits": 22}, "5": {"effect": -0.20078124999999997, "hits": 10}}, "soil_moisture": {"1": {"effect": 2.4499999999999997, "hits": 4}, "2": {"effect": -0.1, "hits": 2}, "3": {"effect": -0.1, "hits": 2}, "4": {"effect": -0.09960937518626452, "hits": 85}, "5": {"effect": -0.1, "hits": 2}}}, "off,off,high": {"hits": 285, "temperature": {"1": {"effect": 2.715625, "hits": 6}, "2": {"effect": 0.3000743686265199, "hits": 74}, "3": {"effect": 0.2238997731591063, "hits": 161}, "4": {"effect": -0.08318942199923773, "hits": 47}, "5": {"effect": 0.3999999999999993, "hits": 1}}, "humidity": {"1": {"effect": 3.2781249999999997, "hits": 6}, "2": {"effect": 0.05307792709718349, "hits": 38}, "3": {"effect": 0.23040557836908657, "hits": 90}, "4": {"effect": 0.007755596929964033, "hits": 70}, "5": {"effect": -1.7644498710038652, "hits": 85}}, "soil_moisture": {"1": {"effect": 3.075, "hits": 6}, "2": {"effect": -0.1, "hits": 1}, "3": {"effect": -0.1, "hits": 1}, "4": {"effect": -0.07578124999999988, "hits": 280}, "5": {"effect": -0.1, "hits": 1}}}, "off,low,off": {"hits": 72, "temperature": {"1": {"effect": 0.9999999999999999, "hits": 2}, "2": {"effect": -0.28798828125, "hits": 11}, "3": {"effect": -0.12959641396482763, "hits": 40}, "4": {"effect": -0.060262489318847395, "hits": 20}, "5": {"effect": -0.6249999999999998, "hits": 3}}, "humidity": {"1": {"effect": 0.8499999999999999, "hits": 2}, "2": {"effect": 0.1014222741127015, "hits": 28}, "3": {"effect": 0.5025769389467312, "hits": 33}, "4": {"effect": 0.28281249999999974, "hits": 7}, "5": {"effect": -1.015625, "hits": 6}}, "soil_moisture": {"1": {"effect": 1.6999999999999997, "hits": 2}, "2": {"effect": -0.1, "hits": 1}, "3": {"effect": -0.1, "hits": 2}, "4": {"effect": -0.09999999999999987, "hits": 70}, "5": {"effect": -0.1, "hits": 1}}}, "off,low,low": {"hits": 107, "temperature": {"1": {"effect": 1.625, "hits": 5}, "2": {"effect": -0.09919887427240617, "hits": 30}, "3": {"effect": 0.0681747439798657, "hits": 63}, "4": {"effect": -0.28715820312500007, "hits": 12}, "5": {"effect": -0.09999999999999964, "hits": 1}}, "humidity": {"1": {"effect": 2.6624999999999996, "hits": 5}, "2": {"effect": 0.35155887603759767, "hits": 21}, "3": {"effect": 0.3460785643976479, "hits": 55}, "4": {"effect": 0.2650878250598909, "hits": 25}, "5": {"effect": -1.3937499999999998, "hits": 5}}, "soil_moisture": {"1": {"effect": 1.6999999999999997, "hits": 5}, "2": {"effect": -0.1, "hits": 1}, "3": {"effect": -0.1, "hits": 1}, "4": {"effect": -0.10000000596337487, "hits": 103}, "5": {"effect": -0.1, "hits": 1}}}, "off,low,high": {"hits": 183, "temperature": {"1": {"effect": 2.5625, "hits": 4}, "2": {"effect": 0.0999999999845933, "hits": 83}, "3": {"effect": 0.1520510331734106, "hits": 74}, "4": {"effect": 0.6722215771675113, "hits": 24}, "5": {"effect": 1.8041124150158794e-16, "hits": 2}}, "humidity": {"1": {"effect": 1.3125, "hits": 4}, "2": {"effect": 0.12202801879648172, "hits": 39}, "3": {"effect": -0.04751800652182312, "hits": 74}, "4": {"effect": -0.18902550334190105, "hits": 48}, "5": {"effect": -0.23854150772094734, "hits": 22}}, "soil_moisture": {"1": {"effect": 2.525, "hits": 4}, "2": {"effect": -0.1, "hits": 1}, "3": {"effect": -0.1, "hits": 1}, "4": {"effect": -0.09819293022155752, "hits": 180}, "5": {"effect": -0.1, "hits": 1}}}, "off,high,off": {"hits": 85, "temperature": {"1": {"effect": 2.4125, "hits": 4}, "2": {"effect": -0.2999947040341795, "hits": 31}, "3": {"effect": -0.3358150699808335, "hits": 44}, "4": {"effect": 0.36875000000000013, "hits": 7}, "5": {"effect": -0.5999999999999999, "hits": 3}}, "humidity": {"1": {"effect": 2.15, "hits": 4}, "2": {"effect": -0.24336541406810286, "hits": 30}, "3": {"effect": 0.566566965356469, "hits": 31}, "4": {"effect": -0.2525251388549803, "hits": 21}, "5": {"effect": -0.12500000000000033, "hits": 3}}, "soil_moisture": {"1": {"effect": -0.1, "hits": 4}, "2": {"effect": -0.1, "hits": 1}, "3": {"effect": -0.1, "hits": 1}, "4": {"effect": -0.1, "hits": 82}, "5": {"effect": -0.1, "hits": 1}}}, "off,high,low": {"hits": 80, "temperature": {"1": {"effect": -0.1999999999999999, "hits": 2}, "2": {"effect": -0.0999999999679858, "hits": 36}, "3": {"effect": 0.06037070830352579, "hits": 36}, "4": {"effect": -0.24765625000000002, "hits": 9}, "5": {"effect": -1.2999999999999998, "hits": 1}}, "humidity": {"1": {"effect": -0.6999999999999998, "hits": 2}, "2": {"effect": 0.19315948486328122, "hits": 19}, "3": {"effect": 0.7362924575805665, "hits": 20}, "4": {"effect": -0.18168183775669614, "hits": 39}, "5": {"effect": -0.6374999999999997, "hits": 4}}, "soil_moisture": {"1": {"effect": 1.65, "hits": 2}, "2": {"effect": -0.1, "hits": 1}, "3": {"effect": -0.1, "hits": 1}, "4": {"effect": -0.1, "hits": 79}, "5": {"effect": -0.1, "hits": 1}}}, "off,high,high": {"hits": 112, "temperature": {"1": {"effect": 3.003515625, "hits": 10}, "2": {"effect": -2.0824535522478896e-05, "hits": 47}, "3": {"effect": -0.03521713410769385, "hits": 46}, "4": {"effect": 0.03789062500000025, "hits": 11}, "5": {"effect": -0.9000000000000004, "hits": 2}}, "humidity": {"1": {"effect": 1.441015625, "hits": 10}, "2": {"effect": -0.20337484478950502, "hits": 26}, "3": {"effect": 0.1156519656480927, "hits": 52}, "4": {"effect": -0.24141540527343727, "hits": 19}, "5": {"effect": -0.9593749999999998, "hits": 9}}, "soil_moisture": {"1": {"effect": 3.3433593750000004, "hits": 10}, "2": {"effect": -0.1, "hits": 1}, "3": {"effect": -0.1, "hits": 1}, "4": {"effect": -0.09999999850988389, "hits": 103}, "5": {"effect": -0.1, "hits": 1}}}, "low,off,off": {"hits": 12, "temperature": {"1": {"effect": -0.7000000000000002, "hits": 1}, "2": {"effect": -0.7000000000000002, "hits": 1}, "3": {"effect": -0.053125000000000054, "hits": 7}, "4": {"effect": 0.475, "hits": 4}, "5": {"effect": -0.19999999999999996, "hits": 3}}, "humidity": {"1": {"effect": 0.0, "hits": 1}, "2": {"effect": 0.153125, "hits": 7}, "3": {"effect": -0.2250000000000001, "hits": 4}, "4": {"effect": -0.9500000000000002, "hits": 3}, "5": {"effect": 0.0, "hits": 1}}, "soil_moisture": {"1": {"effect": 0.1, "hits": 1}, "2": {"effect": 0.1, "hits": 1}, "3": {"effect": 0.1, "hits": 5}, "4": {"effect": 0.1, "hits": 8}, "5": {"effect": 0.1, "hits": 1}}}, "low,off,low": {"hits": 10, "temperature": {"1": {"effect": 1.3999999999999997, "hits": 2}, "2": {"effect": 0.12499999999999992, "hits": 3}, "3": {"effect": 0.12343750000000019, "hits": 7}, "4": {"effect": 0.39999999999999947, "hits": 1}, "5": {"effect": 0.39999999999999947, "hits": 1}}, "humidity": {"1": {"effect": 0.8500000000000001, "hits": 2}, "2": {"effect": 0.20000000000000018, "hits": 2}, "3": {"effect": 0.1515625000000002, "hits": 7}, "4": {"effect": 0.4000000000000001, "hits": 2}, "5": {"effect": 0.7000000000000002, "hits": 1}},