{"off,off,off": {"hits": 61, "temperature": {"1": {"effect": 2.35, "hits": 9}, "2": {"effect": -0.11093750000000016, "hits": 10}, "3": {"effect": 0.0250750717706979, "hits": 40}, "4": {"effect": -0.012499999999999734, "hits": 8}, "5": {"effect": 0.0, "hits": 2}}, "humidity": {"1": {"effect": 1.6500000000000001, "hits": 9}, "2": {"effect": 0.5000000000000001, "hits": 8}, "3": {"effect": -0.8792173385620118, "hits": 23}, "4": {"effect": 0.18154029846191394, "hits": 22}, "5": {"effect": -0.9749999999999999, "hits": 7}}, "soil_moisture": {"1": {"effect": 2.625, "hits": 9}, "2": {"effect": -0.1, "hits": 2}, "3": {"effect": -0.1, "hits": 2}, "4": {"effect": -0.1, "hits": 51}, "5": {"effect": -0.1, "hits": 5}}}, "off,off,low": {"hits": 9, "temperature": {"1": {"effect": 1.4250000000000003, "hits": 3}, "2": {"effect": -0.062499999999999986, "hits": 4}, "3": {"effect": 0.21562500000000023, "hits": 6}, "4": {"effect": 0.1500000000000004, "hits": 2}, "5": {"effect": 0.1500000000000004, "hits": 2}}, "humidity": {"1": {"effect": 1.5, "hits": 3}, "2": {"effect": 0.8124999999999999, "hits": 5}, "3": {"effect": -0.2625, "hits": 5}, "4": {"effect": 0.2999999999999997, "hits": 2}, "5": {"effect": 0.2999999999999997, "hits": 2}}, "soil_moisture": {"1": {"effect": 1.6999999999999997, "hits": 3}, "2": {"effect": -0.1, "hits": 2}, "3": {"effect": -0.1, "hits": 2}, "4": {"effect": -0.1, "hits": 8}, "5": {"effect": -0.1, "hits": 2}}}, "off,off,high": {"hits": 44, "temperature": {"1": {"effect": 1.5625, "hits": 4}, "2": {"effect": -0.0437499999999999, "hits": 10}, "3": {"effect": 0.15918524777516732, "hits": 31}, "4": {"effect": 0.1499999999999996, "hits": 2}, "5": {"effect": 0.3999999999999993, "hits": 1}}, "humidity": {"1": {"effect": 1.6125, "hits": 4}, "2": {"effect": 0.12773437500000004, "hits": 9}, "3": {"effect": -0.38395830392837516, "hits": 25}, "4": {"effect": -0.7324218749999999, "hits": 9}, "5": {"effect": 0.30000000000000016, "hits": 1}}, "soil_moisture": {"1": {"effect": 1.6999999999999997, "hits": 4}, "2": {"effect": -0.1, "hits": 1}, "3": {"effect": -0.1, "hits": 1}, "4": {"effect": -0.10002441406250001, "hits": 41}, "5": {"effect": -0.1, "hits": 1}}}, "off,low,off": {"hits": 22, "temperature": {"1": {"effect": 0.9999999999999999, "hits": 2}, "2": {"effect": -0.10390625000000002, "hits": 8}, "3": {"effect": 0.2421875000000002, "hits": 8}, "4": {"effect": 0.11874999999999993, "hits": 5}, "5": {"effect": -0.6249999999999998, "hits": 3}}, "humidity": {"1": {"effect": 0.8499999999999999, "hits": 2}, "2": {"effect": 0.24062500000000014, "hits": 10}, "3": {"effect": 0.43266601562499984, "hits": 12}, "4": {"effect": -0.20000000000000018, "hits": 1}, "5": {"effect": -0.20000000000000018, "hits": 1}}, "soil_moisture": {"1": {"effect": 1.6999999999999997, "hits": 2}, "2": {"effect": -0.1, "hits": 1}, "3": {"effect": -0.1, "hits": 2}, "4": {"effect": -0.04995117187499974, "hits": 20}, "5": {"effect": -0.1, "hits": 1}}}, "off,low,low": {"hits": 44, "temperature": {"1": {"effect": 2.25, "hits": 4}, "2": {"effect": -0.017578124999999913, "hits": 9}, "3": {"effect": 0.1267829127609729, "hits": 29}, "4": {"effect": -0.5562500000000002, "hits": 5}, "5": {"effect": -0.09999999999999964, "hits": 1}}, "humidity": {"1": {"effect": 2.325, "hits": 4}, "2": {"effect": -0.11484374999999991, "hits": 9}, "3": {"effect": -0.5475597381591796, "hits": 19}, "4": {"effect": 0.3998657226562498, "hits": 14}, "5": {"effect": -0.5499999999999998, "hits": 2}}, "soil_moisture": {"1": {"effect": -0.1, "hits": 4}, "2": {"effect": -0.1, "hits": 1}, "3": {"effect": -0.1, "hits": 1}, "4": {"effect": -0.1, "hits": 41}, "5": {"effect": -0.1, "hits": 1}}}, "off,low,high": {"hits": 42, "temperature": {"1": {"effect": 1.75, "hits": 2}, "2": {"effect": -0.024999999999999953, "hits": 4}, "3": {"effect": 0.11498411037027813, "hits": 29}, "4": {"effect": -0.12167968750000027, "hits": 10}, "5": {"effect": -0.09999999999999964, "hits": 1}}, "humidity": {"1": {"effect": 0.6499999999999999, "hits": 2}, "2": {"effect": 0.4704101562499998, "hits": 11}, "3": {"effect": -0.06452646255493166, "hits": 21}, "4": {"effect": -0.6156250000000001, "hits": 9}, "5": {"effect": -0.25, "hits": 3}}, "soil_moisture": {"1": {"effect": -0.1, "hits": 2}, "2": {"effect": -0.1, "hits": 1}, "3": {"effect": -0.1, "hits": 1}, "4": {"effect": -0.09995117187500001, "hits": 41}, "5": {"effect": -0.1, "hits": 1}}}, "off,high,off": {"hits": 28, "temperature": {"1": {"effect": 2.4125, "hits": 4}, "2": {"effect": -0.35292358398437507, "hits": 15}, "3": {"effect": -0.5865234375000001, "hits": 10}, "4": {"effect": -0.2999999999999998, "hits": 2}, "5": {"effect": -0.2999999999999998, "hits": 1}}, "humidity": {"1": {"effect": 2.15, "hits": 4}, "2": {"effect": -0.05937499999999998, "hits": 7}, "3": {"effect": -0.2673583984374999, "hits": 15}, "4": {"effect": -0.0874999999999998, "hits": 5}, "5": {"effect": -0.20000000000000018, "hits": 1}}, "soil_moisture": {"1": {"effect": -0.1, "hits": 4}, "2": {"effect": -0.1, "hits": 1}, "3": {"effect": -0.1, "hits": 1}, "4": {"effect": -0.10000915527343751, "hits": 25}, "5": {"effect": -0.1, "hits": 1}}}, "off,high,low": {"hits": 12, "temperature": {"1": {"effect": -1.2999999999999998, "hits": 1}, "2": {"effect": -0.4499999999999999, "hits": 2}, "3": {"effect": 0.006249999999999978, "hits": 9}, "4": {"effect": -0.1499999999999999, "hits": 3}, "5": {"effect": -1.2999999999999998, "hits": 1}}, "humidity": {"1": {"effect": -2.8, "hits": 1}, "2": {"effect": 0.0812499999999999, "hits": 7}, "3": {"effect": -0.5750000000000001, "hits": 3}, "4": {"effect": -1.65, "hits": 2}, "5": {"effect": -0.675, "hits": 3}}, "soil_moisture": {"1": {"effect": -0.1, "hits": 1}, "2": {"effect": -0.1, "hits": 1}, "3": {"effect": -0.1, "hits": 1}, "4": {"effect": -0.1, "hits": 12}, "5": {"effect": -0.1, "hits": 1}}}, "off,high,high": {"hits": 28, "temperature": {"1": {"effect": 2.328125, "hits": 7}, "2": {"effect": 0.06249999999999985, "hits": 9}, "3": {"effect": 0.09721679687499998, "hits": 13}, "4": {"effect": 0.20000000000000018, "hits": 2}, "5": {"effect": 0.0, "hits": 1}}, "humidity": {"1": {"effect": 1.928125, "hits": 7}, "2": {"effect": 0.5046875000000001, "hits": 8}, "3": {"effect": -0.27138671875, "hits": 12}, "4": {"effect": -0.19999999999999996, "hits": 3}, "5": {"effect": -0.7999999999999998, "hits": 2}}, "soil_moisture": {"1": {"effect": 3.4468749999999995, "hits": 7}, "2": {"effect": -0.1, "hits": 1}, "3": {"effect": -0.1, "hits": 1}, "4": {"effect": -0.10007324218750004, "hits": 22}, "5": {"effect": -0.1, "hits": 1}}}, "low,off,off": {"hits": 12, "temperature": {"1": {"effect": -0.7000000000000002, "hits": 1}, "2": {"effect": -0.7000000000000002, "hits": 1}, "3": {"effect": -0.053125000000000054, "hits": 7}, "4": {"effect": 0.475, "hits": 4}, "5": {"effect": -0.19999999999999996, "hits": 3}}, "humidity": {"1": {"effect": 0.0, "hits": 1}, "2": {"effect": 0.153125, "hits": 7}, "3": {"effect": -0.2250000000000001, "hits": 4}, "4": {"effect": -0.9500000000000002, "hits": 3}, "5": {"effect": 0.0, "hits": 1}}, "soil_moisture": {"1": {"effect": 0.1, "hits": 1}, "2": {"effect": 0.1, "hits": 1}, "3": {"effect": 0.1, "hits": 5}, "4": {"effect": 0.1, "hits": 8}, "5": {"effect": 0.1, "hits": 1}}}, "low,off,low": {"hits": 9, "temperature": {"1": {"effect": 1.3999999999999997, "hits": 2}, "2": {"effect": 0.04999999999999982, "hits": 2}, "3": {"effect": 0.12343750000000019, "hits": 7}, "4": {"effect": 0.39999999999999947, "hits": 1}, "5": {"effect": 0.39999999999999947, "hits": 1}}, "humidity": {"1": {"effect": 0.8500000000000001, "hits": 2}, "2": {"effect": 0.20000000000000018, "hits": 2}, "3": {"effect": 0.1515625000000002, "hits": 7}, "4": {"effect": 0.7000000000000002, "hits": 1}, "5": {"effect": 0.7000000000000002, "hits": 1}}, "soil_moisture": {"1": {"effect": 0.1, "hits": 2}, "2": {"effect": 0.1, "hits": 1}, "3": {"effect": 0.1, "hits": 1}, "4": {"effect": 0.1, "hits": 8}, "5": {"effect": 0.1, "hits": 1}}},