{"off,off,off": {"hits": 30, "temperature": {"1": {"effect": 0.0, "hits": 7}, "2": {"effect": 0.0, "hits": 3}, "3": {"effect": -0.13937988281250002, "hits": 17}, "4": {"effect": -0.17812499999999998, "hits": 8}, "5": {"effect": -0.09999999999999964, "hits": 3}}, "humidity": {"1": {"effect": 0.0, "hits": 7}, "2": {"effect": -0.14140625000000007, "hits": 13}, "3": {"effect": -0.06250000000000006, "hits": 8}, "4": {"effect": 0.18437499999999984, "hits": 8}, "5": {"effect": 0.0, "hits": 2}}, "soil_moisture": {"1": {"effect": 0.0, "hits": 7}, "2": {"effect": 0.0, "hits": 2}, "3": {"effect": -0.0007751464843750007, "hits": 17}, "4": {"effect": 0.0, "hits": 2}, "5": {"effect": 0.0, "hits": 10}}}, "off,off,low": {"hits": 2, "temperature": {"1": {"effect": 0.1500000000000004, "hits": 2}, "2": {"effect": 0.1500000000000004, "hits": 2}, "3": {"effect": 0.1500000000000004, "hits": 2}, "4": {"effect": 0.1500000000000004, "hits": 2}, "5": {"effect": 0.1500000000000004, "hits": 2}}, "humidity": {"1": {"effect": 0.2999999999999997, "hits": 2}, "2": {"effect": 0.2999999999999997, "hits": 2}, "3": {"effect": 0.2999999999999997, "hits": 2}, "4": {"effect": 0.2999999999999997, "hits": 2}, "5": {"effect": 0.2999999999999997, "hits": 2}}, "soil_moisture": {"1": {"effect": 0.0, "hits": 2}, "2": {"effect": 0.0, "hits": 2}, "3": {"effect": 0.0, "hits": 2}, "4": {"effect": 0.0, "hits": 2}, "5": {"effect": 0.0, "hits": 2}}}, "off,off,high": {"hits": 1, "temperature": {"1": {"effect": 0.3999999999999993, "hits": 1}, "2": {"effect": 0.3999999999999993, "hits": 1}, "3": {"effect": 0.3999999999999993, "hits": 1}, "4": {"effect": 0.3999999999999993, "hits": 1}, "5": {"effect": 0.3999999999999993, "hits": 1}}, "humidity": {"1": {"effect": 0.30000000000000016, "hits": 1}, "2": {"effect": 0.30000000000000016, "hits": 1}, "3": {"effect": 0.30000000000000016, "hits": 1}, "4": {"effect": 0.30000000000000016, "hits": 1}, "5": {"effect": 0.30000000000000016, "hits": 1}}, "soil_moisture": {"1": {"effect": 0.0, "hits": 1}, "2": {"effect": 0.0, "hits": 1}, "3": {"effect": 0.0, "hits": 1}, "4": {"effect": 0.0, "hits": 1}, "5": {"effect": 0.0, "hits": 1}}}, "off,low,off": {"hits": 10, "temperature": {"1": {"effect": 3.025, "hits": 7}, "2": {"effect": -0.7, "hits": 1}, "3": {"effect": -0.7, "hits": 1}, "4": {"effect": -0.20000000000000007, "hits": 2}, "5": {"effect": -0.4000000000000001, "hits": 3}}, "humidity": {"1": {"effect": 1.003125, "hits": 7}, "2": {"effect": 0.5374999999999999, "hits": 4}, "3": {"effect": -0.20000000000000018, "hits": 1}, "4": {"effect": -0.20000000000000018, "hits": 1}, "5": {"effect": -0.20000000000000018, "hits": 1}}, "soil_moisture": {"1": {"effect": 2.953125, "hits": 7}, "2": {"effect": 0.0, "hits": 1}, "3": {"effect": 0.0, "hits": 1}, "4": {"effect": 0.0, "hits": 1}, "5": {"effect": 0.0, "hits": 4}}}, "off,low,low": {"hits": 1, "temperature": {"1": {"effect": -0.09999999999999964, "hits": 1}, "2": {"effect": -0.09999999999999964, "hits": 1}, "3": {"effect": -0.09999999999999964, "hits": 1}, "4": {"effect": -0.09999999999999964, "hits": 1}, "5": {"effect": -0.09999999999999964, "hits": 1}}, "humidity": {"1": {"effect": 0.20000000000000018, "hits": 1}, "2": {"effect": 0.20000000000000018, "hits": 1}, "3": {"effect": 0.20000000000000018, "hits": 1}, "4": {"effect": 0.20000000000000018, "hits": 1}, "5": {"effect": 0.20000000000000018, "hits": 1}}, "soil_moisture": {"1": {"effect": 0.0, "hits": 1}, "2": {"effect": 0.0, "hits": 1}, "3": {"effect": 0.0, "hits": 1}, "4": {"effect": 0.0, "hits": 1}, "5": {"effect": 0.0, "hits": 1}}}, "off,low,high": {"hits": 2, "temperature": {"1": {"effect": -0.09999999999999964, "hits": 1}, "2": {"effect": -0.09999999999999964, "hits": 1}, "3": {"effect": -0.25, "hits": 2}, "4": {"effect": -0.09999999999999964, "hits": 1}, "5": {"effect": -0.09999999999999964, "hits": 1}}, "humidity": {"1": {"effect": 0.2999999999999998, "hits": 1}, "2": {"effect": 0.2999999999999998, "hits": 1}, "3": {"effect": -0.15000000000000013, "hits": 2}, "4": {"effect": 0.2999999999999998, "hits": 1}, "5": {"effect": 0.2999999999999998, "hits": 1}}, "soil_moisture": {"1": {"effect": 0.0, "hits": 1}, "2": {"effect": 0.0, "hits": 1}, "3": {"effect": 0.0, "hits": 2}, "4": {"effect": 0.0, "hits": 1}, "5": {"effect": 0.0, "hits": 1}}}, "off,high,off": {"hits": 3, "temperature": {"1": {"effect": -0.2999999999999998, "hits": 1}, "2": {"effect": -0.2999999999999998, "hits": 1}, "3": {"effect": 0.025000000000000244, "hits": 3}, "4": {"effect": -0.2999999999999998, "hits": 1}, "5": {"effect": -0.2999999999999998, "hits": 1}}, "humidity": {"1": {"effect": -0.20000000000000018, "hits": 1}, "2": {"effect": 0.3500000000000001, "hits": 3}, "3": {"effect": -0.20000000000000018, "hits": 1}, "4": {"effect": -0.20000000000000018, "hits": 1}, "5": {"effect": -0.20000000000000018, "hits": 1}}, "soil_moisture": {"1": {"effect": 0.0, "hits": 1}, "2": {"effect": 0.0, "hits": 1}, "3": {"effect": 0.0, "hits": 3}, "4": {"effect": 0.0, "hits": 1}, "5": {"effect": 0.0, "hits": 1}}}, "off,high,low": {"hits": 1, "temperature": {"1": {"effect": -1.2999999999999998, "hits": 1}, "2": {"effect": -1.2999999999999998, "hits": 1}, "3": {"effect": -1.2999999999999998, "hits": 1}, "4": {"effect": -1.2999999999999998, "hits": 1}, "5": {"effect": -1.2999999999999998, "hits": 1}}, "humidity": {"1": {"effect": -2.8, "hits": 1}, "2": {"effect": -2.8, "hits": 1}, "3": {"effect": -2.8, "hits": 1}, "4": {"effect": -2.8, "hits": 1}, "5": {"effect": -2.8, "hits": 1}}, "soil_moisture": {"1": {"effect": 0.0, "hits": 1}, "2": {"effect": 0.0, "hits": 1}, "3": {"effect": 0.0, "hits": 1}, "4": {"effect": 0.0, "hits": 1}, "5": {"effect": 0.0, "hits": 1}}}, "off,high,high": {"hits": 1, "temperature": {"1": {"effect": 0.0, "hits": 1}, "2": {"effect": 0.0, "hits": 1}, "3": {"effect": 0.0, "hits": 1}, "4": {"effect": 0.0, "hits": 1}, "5": {"effect": 0.0, "hits": 1}}, "humidity": {"1": {"effect": 0.0, "hits": 1}, "2": {"effect": 0.0, "hits": 1}, "3": {"effect": 0.0, "hits": 1}, "4": {"effect": 0.0, "hits": 1}, "5": {"effect": 0.0, "hits": 1}}, "soil_moisture": {"1": {"effect": 0.0, "hits": 1}, "2": {"effect": 0.0, "hits": 1}, "3": {"effect": 0.0, "hits": 1}, "4": {"effect": 0.0, "hits": 1}, "5": {"effect": 0.0, "hits": 1}}}, "low,off,off": {"hits": 12, "temperature": {"1": {"effect": 3.33125, "hits": 5}, "2": {"effect": -0.7000000000000002, "hits": 1}, "3": {"effect": -0.6500000000000001, "hits": 2}, "4": {"effect": -0.4218750000000001, "hits": 6}, "5": {"effect": 0.10000000000000009, "hits": 2}}, "humidity": {"1": {"effect": 1.5375, "hits": 5}, "2": {"effect": 0.19999999999999996, "hits": 3}, "3": {"effect": -0.1374999999999999, "hits": 5}, "4": {"effect": -1.3000000000000003, "hits": 2}, "5": {"effect": 0.0, "hits": 1}}, "soil_moisture": {"1": {"effect": 3.3000000000000003, "hits": 5}, "2": {"effect": 0.1, "hits": 1}, "3": {"effect": 0.05, "hits": 2}, "4": {"effect": 0.1, "hits": 1}, "5": {"effect": 0.0015625, "hits": 7}}}, "low,off,low": {"hits": 4, "temperature": {"1": {"effect": 0.39999999999999947, "hits": 1}, "2": {"effect": 0.39999999999999947, "hits": 1}, "3": {"effect": 0.39999999999999986, "hits": 4}, "4": {"effect": 0.39999999999999947, "hits": 1}, "5": {"effect": 0.39999999999999947, "hits": 1}}, "humidity": {"1": {"effect": 0.7000000000000002, "hits": 1}, "2": {"effect": 0.6000000000000001, "hits": 2}, "3": {"effect": 0.5249999999999998, "hits": 3}, "4": {"effect": 0.7000000000000002, "hits": 1}, "5": {"effect": 0.7000000000000002, "hits": 1}}, "soil_moisture": {"1": {"effect": 0.1, "hits": 1}, "2": {"effect": 0.1, "hits": 1}, "3": {"effect": -0.037499999999999825, "hits": 4}, "4": {"effect": 0.1, "hits": 1}, "5": {"effect": 0.1, "hits": 1}}}, "low,off,high": {"hits": 1, "temperature": {"1": {"effect": 0.40000000000000036, "hits": 1}, "2": {"effect": 0.40000000000000036, "hits": 1}, "3": {"effect": 0.40000000000000036, "hits": 1}, "4": {"effect": 0.40000000000000036, "hits": 1},