{"off,off,off": {"hits": 76, "temperature": {"1": {"effect": 2.35, "hits": 9}, "2": {"effect": 0.011132812500000228, "hits": 13}, "3": {"effect": -0.21249387815630597, "hits": 52}, "4": {"effect": -0.012499999999999734, "hits": 8}, "5": {"effect": 0.0, "hits": 2}}, "humidity": {"1": {"effect": 1.6500000000000001, "hits": 9}, "2": {"effect": 0.38749999999999996, "hits": 11}, "3": {"effect": -0.247225033864379, "hits": 32}, "4": {"effect": -0.7273074626922607, "hits": 25}, "5": {"effect": -0.9749999999999999, "hits": 7}}, "soil_moisture": {"1": {"effect": 2.625, "hits": 9}, "2": {"effect": -0.1, "hits": 2}, "3": {"effect": -0.1, "hits": 2}, "4": {"effect": -0.1, "hits": 66}, "5": {"effect": -0.1, "hits": 5}}}, "off,off,low": {"hits": 29, "temperature": {"1": {"effect": 1.4250000000000003, "hits": 3}, "2": {"effect": 0.5200561523437499, "hits": 14}, "3": {"effect": 0.46954650878906246, "hits": 16}, "4": {"effect": 0.1500000000000004, "hits": 2}, "5": {"effect": 0.1500000000000004, "hits": 2}}, "humidity": {"1": {"effect": 1.5, "hits": 3}, "2": {"effect": 0.878125, "hits": 7}, "3": {"effect": -0.2670953750610351, "hits": 21}, "4": {"effect": -0.8499999999999999, "hits": 4}, "5": {"effect": 0.2999999999999997, "hits": 2}}, "soil_moisture": {"1": {"effect": 1.6999999999999997, "hits": 3}, "2": {"effect": -0.1, "hits": 2}, "3": {"effect": -0.1, "hits": 2}, "4": {"effect": -0.1, "hits": 28}, "5": {"effect": -0.1, "hits": 2}}}, "off,off,high": {"hits": 67, "temperature": {"1": {"effect": 2.23125, "hits": 5}, "2": {"effect": 0.30405883789062493, "hits": 20}, "3": {"effect": -0.6086281286016173, "hits": 43}, "4": {"effect": 0.1499999999999996, "hits": 2}, "5": {"effect": 0.3999999999999993, "hits": 1}}, "humidity": {"1": {"effect": 2.35625, "hits": 5}, "2": {"effect": 0.74774169921875, "hits": 14}, "3": {"effect": 0.2436601766094099, "hits": 36}, "4": {"effect": -1.320819091796875, "hits": 15}, "5": {"effect": 0.30000000000000016, "hits": 1}}, "soil_moisture": {"1": {"effect": 2.55, "hits": 5}, "2": {"effect": -0.1, "hits": 1}, "3": {"effect": -0.1, "hits": 1}, "4": {"effect": -0.10000000000582077, "hits": 63}, "5": {"effect": -0.1, "hits": 1}}}, "off,low,off": {"hits": 34, "temperature": {"1": {"effect": 0.9999999999999999, "hits": 2}, "2": {"effect": -0.28798828125, "hits": 11}, "3": {"effect": -0.2149566650390624, "hits": 17}, "4": {"effect": 0.11874999999999993, "hits": 5}, "5": {"effect": -0.6249999999999998, "hits": 3}}, "humidity": {"1": {"effect": 0.8499999999999999, "hits": 2}, "2": {"effect": 0.10253906249999986, "hits": 14}, "3": {"effect": -0.47943229675292964, "hits": 19}, "4": {"effect": -0.05, "hits": 2}, "5": {"effect": -0.20000000000000018, "hits": 1}}, "soil_moisture": {"1": {"effect": 1.6999999999999997, "hits": 2}, "2": {"effect": -0.1, "hits": 1}, "3": {"effect": -0.1, "hits": 2}, "4": {"effect": -0.09996336698532104, "hits": 32}, "5": {"effect": -0.1, "hits": 1}}}, "off,low,low": {"hits": 55, "temperature": {"1": {"effect": 2.25, "hits": 4}, "2": {"effect": 0.4814109802246096, "hits": 18}, "3": {"effect": 0.006695728190243201, "hits": 31}, "4": {"effect": -0.5562500000000002, "hits": 5}, "5": {"effect": -0.09999999999999964, "hits": 1}}, "humidity": {"1": {"effect": 2.325, "hits": 4}, "2": {"effect": -0.11484374999999991, "hits": 9}, "3": {"effect": -0.3442615037783979, "hits": 30}, "4": {"effect": 0.3998657226562498, "hits": 14}, "5": {"effect": -0.5499999999999998, "hits": 2}}, "soil_moisture": {"1": {"effect": -0.1, "hits": 4}, "2": {"effect": -0.1, "hits": 1}, "3": {"effect": -0.1, "hits": 1}, "4": {"effect": -0.1, "hits": 52}, "5": {"effect": -0.1, "hits": 1}}}, "off,low,high": {"hits": 66, "temperature": {"1": {"effect": 1.425, "hits": 3}, "2": {"effect": 0.37614746093749996, "hits": 14}, "3": {"effect": -0.5943811073949291, "hits": 41}, "4": {"effect": -0.36083984375000017, "hits": 11}, "5": {"effect": -0.09999999999999964, "hits": 1}}, "humidity": {"1": {"effect": 1.625, "hits": 3}, "2": {"effect": 0.7294006347656252, "hits": 15}, "3": {"effect": 0.14123777570166562, "hits": 39}, "4": {"effect": -0.8578124999999999, "hits": 10}, "5": {"effect": -0.25, "hits": 3}}, "soil_moisture": {"1": {"effect": 1.65, "hits": 3}, "2": {"effect": -0.1, "hits": 1}, "3": {"effect": -0.1, "hits": 1}, "4": {"effect": -0.09999999999417925, "hits": 64}, "5": {"effect": -0.1, "hits": 1}}}, "off,high,off": {"hits": 31, "temperature": {"1": {"effect": 2.4125, "hits": 4}, "2": {"effect": -0.35292358398437507, "hits": 15}, "3": {"effect": -0.1358154296875002, "hits": 13}, "4": {"effect": -0.2999999999999998, "hits": 2}, "5": {"effect": -0.2999999999999998, "hits": 1}}, "humidity": {"1": {"effect": 2.15, "hits": 4}, "2": {"effect": -0.02968749999999991, "hits": 8}, "3": {"effect": 0.0331604003906249, "hits": 17}, "4": {"effect": -0.0874999999999998, "hits": 5}, "5": {"effect": -0.20000000000000018, "hits": 1}}, "soil_moisture": {"1": {"effect": -0.1, "hits": 4}, "2": {"effect": -0.1, "hits": 1}, "3": {"effect": -0.1, "hits": 1}, "4": {"effect": -0.10000114440917969, "hits": 28}, "5": {"effect": -0.1, "hits": 1}}}, "off,high,low": {"hits": 17, "temperature": {"1": {"effect": -0.1999999999999999, "hits": 2}, "2": {"effect": -0.3249999999999998, "hits": 3}, "3": {"effect": -0.08671875000000007, "hits": 12}, "4": {"effect": -0.1499999999999999, "hits": 3}, "5": {"effect": -1.2999999999999998, "hits": 1}}, "humidity": {"1": {"effect": -0.6999999999999998, "hits": 2}, "2": {"effect": -0.009375000000000008, "hits": 8}, "3": {"effect": -0.4375000000000001, "hits": 4}, "4": {"effect": -0.6375000000000002, "hits": 4}, "5": {"effect": -0.675, "hits": 3}}, "soil_moisture": {"1": {"effect": 1.65, "hits": 2}, "2": {"effect": -0.1, "hits": 1}, "3": {"effect": -0.1, "hits": 1}, "4": {"effect": -0.1, "hits": 16}, "5": {"effect": -0.1, "hits": 1}}}, "off,high,high": {"hits": 61, "temperature": {"1": {"effect": 2.0140625, "hits": 8}, "2": {"effect": 0.2352432399988173, "hits": 31}, "3": {"effect": 0.06708712577819831, "hits": 23}, "4": {"effect": 0.20000000000000018, "hits": 2}, "5": {"effect": 0.0, "hits": 1}}, "humidity": {"1": {"effect": 1.6640625, "hits": 8}, "2": {"effect": -0.09345703125, "hits": 12}, "3": {"effect": -0.05819482164661173, "hits": 38}, "4": {"effect": -0.25, "hits": 5}, "5": {"effect": -0.7999999999999998, "hits": 2}}, "soil_moisture": {"1": {"effect": 3.4734374999999993, "hits": 8}, "2": {"effect": -0.1, "hits": 1}, "3": {"effect": -0.1, "hits": 1}, "4": {"effect": -0.10000000072179205, "hits": 54}, "5": {"effect": -0.1, "hits": 1}}}, "low,off,off": {"hits": 12, "temperature": {"1": {"effect": -0.7000000000000002, "hits": 1}, "2": {"effect": -0.7000000000000002, "hits": 1}, "3": {"effect": -0.053125000000000054, "hits": 7}, "4": {"effect": 0.475, "hits": 4}, "5": {"effect": -0.19999999999999996, "hits": 3}}, "humidity": {"1": {"effect": 0.0, "hits": 1}, "2": {"effect": 0.153125, "hits": 7}, "3": {"effect": -0.2250000000000001, "hits": 4}, "4": {"effect": -0.9500000000000002, "hits": 3}, "5": {"effect": 0.0, "hits": 1}}, "soil_moisture": {"1": {"effect": 0.1, "hits": 1}, "2": {"effect": 0.1, "hits": 1}, "3": {"effect": 0.1, "hits": 5}, "4": {"effect": 0.1, "hits": 8}, "5": {"effect": 0.1, "hits": 1}}}, "low,off,low": {"hits": 9, "temperature": {"1": {"effect": 1.3999999999999997, "hits": 2}, "2": {"effect": 0.04999999999999982, "hits": 2}, "3": {"effect": 0.12343750000000019, "hits": 7}, "4": {"effect": 0.39999999999999947, "hits": 1}, "5": {"effect": 0.39999999999999947, "hits": 1}}, "humidity": {"1": {"effect": 0.8500000000000001, "hits": 2}, "2": {"effect": 0.20000000000000018, "hits": 2}, "3": {"effect": 0.1515625000000002, "hits": 7}, "4": {"effect": 0.7000000000000002, "hits": 1}, "5": {"effect": 0.7000000000000002, "hits": 1}}, "soil_moisture": {"1": {"effect": 0.1, "hits": 2}, "2": {"effect": 0.1, "hits": 1}, "3": {"effect": 0.1, "hits": 1}, "4": {"effect": 0.1, "hits": 8}, "5": {"effect": 0.1, "hits": 1}}}, "low,off,high": {"hits": 9,