{"off,off,off": {"hits": 11, "temperature": {"1": {"effect": 0.0, "hits": 7}, "2": {"effect": -0.10000000000000009, "hits": 4}, "3": {"effect": 0.0, "hits": 4}, "4": {"effect": 0.0, "hits": 2}, "5": {"effect": 0.0, "hits": 2}}, "humidity": {"1": {"effect": 0.0, "hits": 7}, "2": {"effect": 0.0, "hits": 3}, "3": {"effect": 0.0, "hits": 3}, "4": {"effect": -0.30000000000000004, "hits": 4}, "5": {"effect": 0.0, "hits": 2}}, "soil_moisture": {"1": {"effect": 0.0, "hits": 7}, "2": {"effect": 0.0, "hits": 2}, "3": {"effect": 0.0, "hits": 2}, "4": {"effect": 0.0, "hits": 4}, "5": {"effect": 0.0, "hits": 4}}}, "off,off,low": {"hits": 3, "temperature": {"1": {"effect": 0.1500000000000004, "hits": 2}, "2": {"effect": 0.1500000000000004, "hits": 2}, "3": {"effect": 0.12500000000000025, "hits": 3}, "4": {"effect": 0.1500000000000004, "hits": 2}, "5": {"effect": 0.1500000000000004, "hits": 2}}, "humidity": {"1": {"effect": 0.2999999999999997, "hits": 2}, "2": {"effect": 0.14999999999999986, "hits": 3}, "3": {"effect": 0.2999999999999997, "hits": 2}, "4": {"effect": 0.2999999999999997, "hits": 2}, "5": {"effect": 0.2999999999999997, "hits": 2}}, "soil_moisture": {"1": {"effect": 0.0, "hits": 2}, "2": {"effect": 0.0, "hits": 2}, "3": {"effect": 0.0, "hits": 2}, "4": {"effect": 0.20000000000000018, "hits": 3}, "5": {"effect": 0.0, "hits": 2}}}, "off,off,high": {"hits": 12, "temperature": {"1": {"effect": 0.9499999999999996, "hits": 2}, "2": {"effect": 0.09999999999999984, "hits": 4}, "3": {"effect": -0.05703124999999987, "hits": 8}, "4": {"effect": 0.3999999999999993, "hits": 1}, "5": {"effect": 0.3999999999999993, "hits": 1}}, "humidity": {"1": {"effect": 0.6500000000000001, "hits": 2}, "2": {"effect": 0.221875, "hits": 6}, "3": {"effect": 0.13749999999999996, "hits": 5}, "4": {"effect": 0.04999999999999999, "hits": 2}, "5": {"effect": 0.30000000000000016, "hits": 1}}, "soil_moisture": {"1": {"effect": 3.5999999999999996, "hits": 2}, "2": {"effect": 0.0, "hits": 1}, "3": {"effect": 0.0, "hits": 1}, "4": {"effect": -0.00039062500000000035, "hits": 11}, "5": {"effect": 0.0, "hits": 1}}}, "off,low,off": {"hits": 5, "temperature": {"1": {"effect": -0.7, "hits": 1}, "2": {"effect": -0.7, "hits": 1}, "3": {"effect": -0.24999999999999994, "hits": 3}, "4": {"effect": -0.7, "hits": 1}, "5": {"effect": -0.6249999999999998, "hits": 3}}, "humidity": {"1": {"effect": -0.20000000000000018, "hits": 1}, "2": {"effect": 0.10000000000000003, "hits": 4}, "3": {"effect": -0.050000000000000044, "hits": 2}, "4": {"effect": -0.20000000000000018, "hits": 1}, "5": {"effect": -0.20000000000000018, "hits": 1}}, "soil_moisture": {"1": {"effect": 0.0, "hits": 1}, "2": {"effect": 0.0, "hits": 1}, "3": {"effect": 0.0, "hits": 2}, "4": {"effect": 0.02499999999999991, "hits": 4}, "5": {"effect": 0.0, "hits": 1}}}, "off,low,low": {"hits": 7, "temperature": {"1": {"effect": 1.3000000000000003, "hits": 2}, "2": {"effect": -0.09999999999999964, "hits": 1}, "3": {"effect": 0.0562499999999999, "hits": 6}, "4": {"effect": -0.09999999999999964, "hits": 1}, "5": {"effect": -0.09999999999999964, "hits": 1}}, "humidity": {"1": {"effect": 0.8, "hits": 2}, "2": {"effect": 0.3250000000000002, "hits": 4}, "3": {"effect": 0.22499999999999987, "hits": 3}, "4": {"effect": 0.20000000000000018, "hits": 1}, "5": {"effect": 0.20000000000000018, "hits": 1}}, "soil_moisture": {"1": {"effect": 4.1, "hits": 2}, "2": {"effect": 0.0, "hits": 1}, "3": {"effect": 0.0, "hits": 1}, "4": {"effect": 0.09999999999999964, "hits": 6}, "5": {"effect": 0.0, "hits": 1}}}, "off,low,high": {"hits": 8, "temperature": {"1": {"effect": 1.75, "hits": 2}, "2": {"effect": -0.09999999999999964, "hits": 1}, "3": {"effect": -0.14374999999999996, "hits": 5}, "4": {"effect": -0.575, "hits": 3}, "5": {"effect": -0.09999999999999964, "hits": 1}}, "humidity": {"1": {"effect": 0.6499999999999999, "hits": 2}, "2": {"effect": 0.11249999999999993, "hits": 4}, "3": {"effect": -0.15000000000000013, "hits": 2}, "4": {"effect": -0.10000000000000009, "hits": 2}, "5": {"effect": -0.5, "hits": 2}}, "soil_moisture": {"1": {"effect": 3.0999999999999996, "hits": 2}, "2": {"effect": 0.0, "hits": 1}, "3": {"effect": 0.0, "hits": 1}, "4": {"effect": -0.018749999999999933, "hits": 7}, "5": {"effect": 0.0, "hits": 1}}}, "off,high,off": {"hits": 3, "temperature": {"1": {"effect": -0.2999999999999998, "hits": 1}, "2": {"effect": -0.2999999999999998, "hits": 1}, "3": {"effect": -0.07500000000000007, "hits": 3}, "4": {"effect": -0.2999999999999998, "hits": 1}, "5": {"effect": -0.2999999999999998, "hits": 1}}, "humidity": {"1": {"effect": -0.20000000000000018, "hits": 1}, "2": {"effect": -0.20000000000000018, "hits": 1}, "3": {"effect": 0.3999999999999999, "hits": 2}, "4": {"effect": -0.5, "hits": 2}, "5": {"effect": -0.20000000000000018, "hits": 1}}, "soil_moisture": {"1": {"effect": 0.0, "hits": 1}, "2": {"effect": 0.0, "hits": 1}, "3": {"effect": 0.0, "hits": 1}, "4": {"effect": 0.0, "hits": 3}, "5": {"effect": 0.0, "hits": 1}}}, "off,high,low": {"hits": 1, "temperature": {"1": {"effect": -1.2999999999999998, "hits": 1}, "2": {"effect": -1.2999999999999998, "hits": 1}, "3": {"effect": -1.2999999999999998, "hits": 1}, "4": {"effect": -1.2999999999999998, "hits": 1}, "5": {"effect": -1.2999999999999998, "hits": 1}}, "humidity": {"1": {"effect": -2.8, "hits": 1}, "2": {"effect": -2.8, "hits": 1}, "3": {"effect": -2.8, "hits": 1}, "4": {"effect": -2.8, "hits": 1}, "5": {"effect": -2.8, "hits": 1}}, "soil_moisture": {"1": {"effect": 0.0, "hits": 1}, "2": {"effect": 0.0, "hits": 1}, "3": {"effect": 0.0, "hits": 1}, "4": {"effect": 0.0, "hits": 1}, "5": {"effect": 0.0, "hits": 1}}}, "off,high,high": {"hits": 6, "temperature": {"1": {"effect": 2.6, "hits": 2}, "2": {"effect": 0.0, "hits": 1}, "3": {"effect": -0.012500000000000178, "hits": 5}, "4": {"effect": 0.0, "hits": 1}, "5": {"effect": 0.0, "hits": 1}}, "humidity": {"1": {"effect": 4.2, "hits": 2}, "2": {"effect": 1.5, "hits": 2}, "3": {"effect": 0.0, "hits": 1}, "4": {"effect": -0.19999999999999996, "hits": 3}, "5": {"effect": -0.7999999999999998, "hits": 2}}, "soil_moisture": {"1": {"effect": 3.9000000000000004, "hits": 2}, "2": {"effect": 0.0, "hits": 1}, "3": {"effect": 0.0, "hits": 1}, "4": {"effect": 0.0, "hits": 5}, "5": {"effect": 0.0, "hits": 1}}}, "low,off,off": {"hits": 12, "temperature": {"1": {"effect": -0.7000000000000002, "hits": 1}, "2": {"effect": -0.7000000000000002, "hits": 1}, "3": {"effect": -0.053125000000000054, "hits": 7}, "4": {"effect": 0.475, "hits": 4}, "5": {"effect": -0.19999999999999996, "hits": 3}}, "humidity": {"1": {"effect": 0.0, "hits": 1}, "2": {"effect": 0.153125, "hits": 7}, "3": {"effect": -0.2250000000000001, "hits": 4}, "4": {"effect": -0.9500000000000002, "hits": 3}, "5": {"effect": 0.0, "hits": 1}}, "soil_moisture": {"1": {"effect": 0.1, "hits": 1}, "2": {"effect": 0.1, "hits": 1}, "3": {"effect": 0.08125000000000007, "hits": 5}, "4": {"effect": 0.00078125, "hits": 8}, "5": {"effect": 0.1, "hits": 1}}}, "low,off,low": {"hits": 8, "temperature": {"1": {"effect": 1.3999999999999997, "hits": 2}, "2": {"effect": 0.04999999999999982, "hits": 2}, "3": {"effect": -0.053124999999999895, "hits": 6}, "4": {"effect": 0.39999999999999947, "hits": 1}, "5": {"effect": 0.39999999999999947, "hits": 1}}, "humidity": {"1": {"effect": 0.8500000000000001, "hits": 2}, "2": {"effect": 0.20000000000000018, "hits": 2}, "3": {"effect": -0.09687499999999993, "hits": 6}, "4": {"effect": 0.7000000000000002, "hits": 1}, "5": {"effect": 0.7000000000000002, "hits": 1}}, "soil_moisture": {"1": {"effect": 1.8, "hits": 2}, "2": {"effect": 0.1, "hits": 1}, "3": {"effect": 0.1, "hits": 1}, "4": {"effect": 0.017187499999999946, "hits": 7}, "5": {"effect": 0.1, "hits": 1}}}, "low,off,high": {"hits": 7, "temperature": {"1": {"effect": 0.40000000000000036, "hits": 1}, "2": {"effect": 0.2500000000000002, "hits": 2}, "3": {"effect": -0.17499999999999988, "hits": 6}, "4": {"effect": 0.40000000000000036, "hits": 1},