{"off,off,off": {"hits": 9, "temperature": {"1": {"effect": 0.0, "hits": 7}, "2": {"effect": 0.0, "hits": 3}, "3": {"effect": 0.0, "hits": 3}, "4": {"effect": 0.0, "hits": 2}, "5": {"effect": 0.0, "hits": 2}}, "humidity": {"1": {"effect": 0.0, "hits": 7}, "2": {"effect": 0.0, "hits": 3}, "3": {"effect": 0.0, "hits": 3}, "4": {"effect": 0.0, "hits": 2}, "5": {"effect": 0.0, "hits": 2}}, "soil_moisture": {"1": {"effect": 0.0, "hits": 7}, "2": {"effect": 0.0, "hits": 2}, "3": {"effect": 0.0, "hits": 2}, "4": {"effect": 0.0, "hits": 2}, "5": {"effect": 0.0, "hits": 4}}}, "off,off,low": {"hits": 2, "temperature": {"1": {"effect": 0.1500000000000004, "hits": 2}, "2": {"effect": 0.1500000000000004, "hits": 2}, "3": {"effect": 0.1500000000000004, "hits": 2}, "4": {"effect": 0.1500000000000004, "hits": 2}, "5": {"effect": 0.1500000000000004, "hits": 2}}, "humidity": {"1": {"effect": 0.2999999999999997, "hits": 2}, "2": {"effect": 0.2999999999999997, "hits": 2}, "3": {"effect": 0.2999999999999997, "hits": 2}, "4": {"effect": 0.2999999999999997, "hits": 2}, "5": {"effect": 0.2999999999999997, "hits": 2}}, "soil_moisture": {"1": {"effect": 0.0, "hits": 2}, "2": {"effect": 0.0, "hits": 2}, "3": {"effect": 0.0, "hits": 2}, "4": {"effect": 0.0, "hits": 2}, "5": {"effect": 0.0, "hits": 2}}}, "off,off,high": {"hits": 1, "temperature": {"1": {"effect": 0.3999999999999993, "hits": 1}, "2": {"effect": 0.3999999999999993, "hits": 1}, "3": {"effect": 0.3999999999999993, "hits": 1}, "4": {"effect": 0.3999999999999993, "hits": 1}, "5": {"effect": 0.3999999999999993, "hits": 1}}, "humidity": {"1": {"effect": 0.30000000000000016, "hits": 1}, "2": {"effect": 0.30000000000000016, "hits": 1}, "3": {"effect": 0.30000000000000016, "hits": 1}, "4": {"effect": 0.30000000000000016, "hits": 1}, "5": {"effect": 0.30000000000000016, "hits": 1}}, "soil_moisture": {"1": {"effect": 0.0, "hits": 1}, "2": {"effect": 0.0, "hits": 1}, "3": {"effect": 0.0, "hits": 1}, "4": {"effect": 0.0, "hits": 1}, "5": {"effect": 0.0, "hits": 1}}}, "off,low,off": {"hits": 2, "temperature": {"1": {"effect": -0.7, "hits": 1}, "2": {"effect": -0.7, "hits": 1}, "3": {"effect": -0.7, "hits": 1}, "4": {"effect": -0.7, "hits": 1}, "5": {"effect": -0.35, "hits": 2}}, "humidity": {"1": {"effect": -0.20000000000000018, "hits": 1}, "2": {"effect": -0.20000000000000018, "hits": 1}, "3": {"effect": -0.050000000000000044, "hits": 2}, "4": {"effect": -0.20000000000000018, "hits": 1}, "5": {"effect": -0.20000000000000018, "hits": 1}}, "soil_moisture": {"1": {"effect": 0.0, "hits": 1}, "2": {"effect": 0.0, "hits": 1}, "3": {"effect": 0.0, "hits": 2}, "4": {"effect": 0.0, "hits": 1}, "5": {"effect": 0.0, "hits": 1}}}, "off,low,low": {"hits": 1, "temperature": {"1": {"effect": -0.09999999999999964, "hits": 1}, "2": {"effect": -0.09999999999999964, "hits": 1}, "3": {"effect": -0.09999999999999964, "hits": 1}, "4": {"effect": -0.09999999999999964, "hits": 1}, "5": {"effect": -0.09999999999999964, "hits": 1}}, "humidity": {"1": {"effect": 0.20000000000000018, "hits": 1}, "2": {"effect": 0.20000000000000018, "hits": 1}, "3": {"effect": 0.20000000000000018, "hits": 1}, "4": {"effect": 0.20000000000000018, "hits": 1}, "5": {"effect": 0.20000000000000018, "hits": 1}}, "soil_moisture": {"1": {"effect": 0.0, "hits": 1}, "2": {"effect": 0.0, "hits": 1}, "3": {"effect": 0.0, "hits": 1}, "4": {"effect": 0.0, "hits": 1}, "5": {"effect": 0.0, "hits": 1}}}, "off,low,high": {"hits": 1, "temperature": {"1": {"effect": -0.09999999999999964, "hits": 1}, "2": {"effect": -0.09999999999999964, "hits": 1}, "3": {"effect": -0.09999999999999964, "hits": 1}, "4": {"effect": -0.09999999999999964, "hits": 1}, "5": {"effect": -0.09999999999999964, "hits": 1}}, "humidity": {"1": {"effect": 0.2999999999999998, "hits": 1}, "2": {"effect": 0.2999999999999998, "hits": 1}, "3": {"effect": 0.2999999999999998, "hits": 1}, "4": {"effect": 0.2999999999999998, "hits": 1}, "5": {"effect": 0.2999999999999998, "hits": 1}}, "soil_moisture": {"1": {"effect": 0.0, "hits": 1}, "2": {"effect": 0.0, "hits": 1}, "3": {"effect": 0.0, "hits": 1}, "4": {"effect": 0.0, "hits": 1}, "5": {"effect": 0.0, "hits": 1}}}, "off,high,off": {"hits": 1, "temperature": {"1": {"effect": -0.2999999999999998, "hits": 1}, "2": {"effect": -0.2999999999999998, "hits": 1}, "3": {"effect": -0.2999999999999998, "hits": 1}, "4": {"effect": -0.2999999999999998, "hits": 1}, "5": {"effect": -0.2999999999999998, "hits": 1}}, "humidity": {"1": {"effect": -0.20000000000000018, "hits": 1}, "2": {"effect": -0.20000000000000018, "hits": 1}, "3": {"effect": -0.20000000000000018, "hits": 1}, "4": {"effect": -0.20000000000000018, "hits": 1}, "5": {"effect": -0.20000000000000018, "hits": 1}}, "soil_moisture": {"1": {"effect": 0.0, "hits": 1}, "2": {"effect": 0.0, "hits": 1}, "3": {"effect": 0.0, "hits": 1}, "4": {"effect": 0.0, "hits": 1}, "5": {"effect": 0.0, "hits": 1}}}, "off,high,low": {"hits": 1, "temperature": {"1": {"effect": -1.2999999999999998, "hits": 1}, "2": {"effect": -1.2999999999999998, "hits": 1}, "3": {"effect": -1.2999999999999998, "hits": 1}, "4": {"effect": -1.2999999999999998, "hits": 1}, "5": {"effect": -1.2999999999999998, "hits": 1}}, "humidity": {"1": {"effect": -2.8, "hits": 1}, "2": {"effect": -2.8, "hits": 1}, "3": {"effect": -2.8, "hits": 1}, "4": {"effect": -2.8, "hits": 1}, "5": {"effect": -2.8, "hits": 1}}, "soil_moisture": {"1": {"effect": 0.0, "hits": 1}, "2": {"effect": 0.0, "hits": 1}, "3": {"effect": 0.0, "hits": 1}, "4": {"effect": 0.0, "hits": 1}, "5": {"effect": 0.0, "hits": 1}}}, "off,high,high": {"hits": 1, "temperature": {"1": {"effect": 0.0, "hits": 1}, "2": {"effect": 0.0, "hits": 1}, "3": {"effect": 0.0, "hits": 1}, "4": {"effect": 0.0, "hits": 1}, "5": {"effect": 0.0, "hits": 1}}, "humidity": {"1": {"effect": 0.0, "hits": 1}, "2": {"effect": 0.0, "hits": 1}, "3": {"effect": 0.0, "hits": 1}, "4": {"effect": 0.0, "hits": 1}, "5": {"effect": 0.0, "hits": 1}}, "soil_moisture": {"1": {"effect": 0.0, "hits": 1}, "2": {"effect": 0.0, "hits": 1}, "3": {"effect": 0.0, "hits": 1}, "4": {"effect": 0.0, "hits": 1}, "5": {"effect": 0.0, "hits": 1}}}, "low,off,off": {"hits": 5, "temperature": {"1": {"effect": -0.7000000000000002, "hits": 1}, "2": {"effect": -0.7000000000000002, "hits": 1}, "3": {"effect": -0.7000000000000002, "hits": 1}, "4": {"effect": 0.15000000000000013, "hits": 3}, "5": {"effect": -0.19999999999999996, "hits": 3}}, "humidity": {"1": {"effect": 0.0, "hits": 1}, "2": {"effect": 0.44999999999999996, "hits": 3}, "3": {"effect": -1.1, "hits": 2}, "4": {"effect": -1.2999999999999998, "hits": 2}, "5": {"effect": 0.0, "hits": 1}}, "soil_moisture": {"1": {"effect": 0.1, "hits": 1}, "2": {"effect": 0.1, "hits": 1}, "3": {"effect": 0.08125000000000007, "hits": 5}, "4": {"effect": 0.1, "hits": 1}, "5": {"effect": 0.1, "hits": 1}}}, "low,off,low": {"hits": 1, "temperature": {"1": {"effect": 0.39999999999999947, "hits": 1}, "2": {"effect": 0.39999999999999947, "hits": 1}, "3": {"effect": 0.39999999999999947, "hits": 1}, "4": {"effect": 0.39999999999999947, "hits": 1}, "5": {"effect": 0.39999999999999947, "hits": 1}}, "humidity": {"1": {"effect": 0.7000000000000002, "hits": 1}, "2": {"effect": 0.7000000000000002, "hits": 1}, "3": {"effect": 0.7000000000000002, "hits": 1}, "4": {"effect": 0.7000000000000002, "hits": 1}, "5": {"effect": 0.7000000000000002, "hits": 1}}, "soil_moisture": {"1": {"effect": 0.1, "hits": 1}, "2": {"effect": 0.1, "hits": 1}, "3": {"effect": 0.1, "hits": 1}, "4": {"effect": 0.1, "hits": 1}, "5": {"effect": 0.1, "hits": 1}}}, "low,off,high": {"hits": 1, "temperature": {"1": {"effect": 0.40000000000000036, "hits": 1}, "2": {"effect": 0.40000000000000036, "hits": 1}, "3": {"effect": 0.40000000000000036, "hits": 1}, "4": {"effect": 0.40000000000000036, "hits": 1}, "5": {"effect": 0.40000000000000036, "hits": 1}}, "humidity": {"1": {"effect": 0.3999999999999999, "hits": 1}, "2": {"effect": 0.3999999999999999, "hits": 1},