{"off,off,off": {"hits": 79, "temperature": {"1": {"effect": 2.35, "hits": 9}, "2": {"effect": 0.011132812500000228, "hits": 13}, "3": {"effect": -0.10312346953907653, "hits": 54}, "4": {"effect": -0.15624999999999978, "hits": 9}, "5": {"effect": 0.0, "hits": 2}}, "humidity": {"1": {"effect": 1.6500000000000001, "hits": 9}, "2": {"effect": 0.4437499999999999, "hits": 12}, "3": {"effect": -0.1368062584660948, "hits": 34}, "4": {"effect": -0.7273074626922607, "hits": 25}, "5": {"effect": -0.9749999999999999, "hits": 7}}, "soil_moisture": {"1": {"effect": 2.625, "hits": 9}, "2": {"effect": -0.1, "hits": 2}, "3": {"effect": -0.1, "hits": 2}, "4": {"effect": -0.1, "hits": 69}, "5": {"effect": -0.1, "hits": 5}}}, "off,off,low": {"hits": 33, "temperature": {"1": {"effect": 1.4250000000000003, "hits": 3}, "2": {"effect": 0.45501403808593754, "hits": 16}, "3": {"effect": 0.2423866271972656, "hits": 18}, "4": {"effect": 0.1500000000000004, "hits": 2}, "5": {"effect": 0.1500000000000004, "hits": 2}}, "humidity": {"1": {"effect": 1.5, "hits": 3}, "2": {"effect": 0.7390625, "hits": 8}, "3": {"effect": -0.03338692188262936, "hits": 24}, "4": {"effect": -0.8499999999999999, "hits": 4}, "5": {"effect": 0.2999999999999997, "hits": 2}}, "soil_moisture": {"1": {"effect": 1.6999999999999997, "hits": 3}, "2": {"effect": -0.1, "hits": 2}, "3": {"effect": -0.1, "hits": 2}, "4": {"effect": -0.1, "hits": 32}, "5": {"effect": -0.1, "hits": 2}}}, "off,off,high": {"hits": 73, "temperature": {"1": {"effect": 2.23125, "hits": 5}, "2": {"effect": 0.25202941894531267, "hits": 21}, "3": {"effect": 0.3653553709811995, "hits": 48}, "4": {"effect": 0.1499999999999996, "hits": 2}, "5": {"effect": 0.3999999999999993, "hits": 1}}, "humidity": {"1": {"effect": 2.35625, "hits": 5}, "2": {"effect": 0.38096771240234384, "hits": 17}, "3": {"effect": -0.3070424779238238, "hits": 39}, "4": {"effect": -1.320819091796875, "hits": 15}, "5": {"effect": 0.30000000000000016, "hits": 1}}, "soil_moisture": {"1": {"effect": 2.55, "hits": 5}, "2": {"effect": -0.1, "hits": 1}, "3": {"effect": -0.1, "hits": 1}, "4": {"effect": -0.10000000000009096, "hits": 69}, "5": {"effect": -0.1, "hits": 1}}}, "off,low,off": {"hits": 37, "temperature": {"1": {"effect": 0.9999999999999999, "hits": 2}, "2": {"effect": -0.28798828125, "hits": 11}, "3": {"effect": -0.28936958312988287, "hits": 20}, "4": {"effect": 0.11874999999999993, "hits": 5}, "5": {"effect": -0.6249999999999998, "hits": 3}}, "humidity": {"1": {"effect": 0.8499999999999999, "hits": 2}, "2": {"effect": 0.025634765625000028, "hits": 16}, "3": {"effect": -0.5897161483764648, "hits": 20}, "4": {"effect": -0.05, "hits": 2}, "5": {"effect": -0.20000000000000018, "hits": 1}}, "soil_moisture": {"1": {"effect": 1.6999999999999997, "hits": 2}, "2": {"effect": -0.1, "hits": 1}, "3": {"effect": -0.1, "hits": 2}, "4": {"effect": -0.09999542087316514, "hits": 35}, "5": {"effect": -0.1, "hits": 1}}}, "off,low,low": {"hits": 61, "temperature": {"1": {"effect": 2.25, "hits": 4}, "2": {"effect": 0.22035274505615238, "hits": 20}, "3": {"effect": 0.25167393204756083, "hits": 33}, "4": {"effect": -0.08906250000000002, "hits": 7}, "5": {"effect": -0.09999999999999964, "hits": 1}}, "humidity": {"1": {"effect": 2.325, "hits": 4}, "2": {"effect": 0.39628906250000007, "hits": 11}, "3": {"effect": -0.24651634398614988, "hits": 34}, "4": {"effect": 0.3998657226562498, "hits": 14}, "5": {"effect": -0.5499999999999998, "hits": 2}}, "soil_moisture": {"1": {"effect": -0.1, "hits": 4}, "2": {"effect": -0.1, "hits": 1}, "3": {"effect": -0.1, "hits": 1}, "4": {"effect": -0.1, "hits": 58}, "5": {"effect": -0.1, "hits": 1}}}, "off,low,high": {"hits": 70, "temperature": {"1": {"effect": 2.5625, "hits": 4}, "2": {"effect": 0.48807373046875, "hits": 15}, "3": {"effect": -0.5971905536974647, "hits": 42}, "4": {"effect": -0.18041992187500033, "hits": 12}, "5": {"effect": -0.09999999999999964, "hits": 1}}, "humidity": {"1": {"effect": 1.3125, "hits": 4}, "2": {"effect": 0.6147003173828127, "hits": 16}, "3": {"effect": -0.6646905560745836, "hits": 41}, "4": {"effect": -0.8578124999999999, "hits": 10}, "5": {"effect": -0.25, "hits": 3}}, "soil_moisture": {"1": {"effect": 2.525, "hits": 4}, "2": {"effect": -0.1, "hits": 1}, "3": {"effect": -0.1, "hits": 1}, "4": {"effect": -0.09999999999927241, "hits": 67}, "5": {"effect": -0.1, "hits": 1}}}, "off,high,off": {"hits": 36, "temperature": {"1": {"effect": 2.4125, "hits": 4}, "2": {"effect": -0.35292358398437507, "hits": 15}, "3": {"effect": -0.1604942321777345, "hits": 18}, "4": {"effect": -0.2999999999999998, "hits": 2}, "5": {"effect": -0.2999999999999998, "hits": 1}}, "humidity": {"1": {"effect": 2.15, "hits": 4}, "2": {"effect": -0.02968749999999991, "hits": 8}, "3": {"effect": -0.11771373748779286, "hits": 22}, "4": {"effect": -0.0874999999999998, "hits": 5}, "5": {"effect": -0.20000000000000018, "hits": 1}}, "soil_moisture": {"1": {"effect": -0.1, "hits": 4}, "2": {"effect": -0.1, "hits": 1}, "3": {"effect": -0.1, "hits": 1}, "4": {"effect": -0.10000003576278688, "hits": 33}, "5": {"effect": -0.1, "hits": 1}}}, "off,high,low": {"hits": 21, "temperature": {"1": {"effect": -0.1999999999999999, "hits": 2}, "2": {"effect": -0.3249999999999998, "hits": 3}, "3": {"effect": 0.05166015625000003, "hits": 15}, "4": {"effect": -0.02499999999999987, "hits": 4}, "5": {"effect": -1.2999999999999998, "hits": 1}}, "humidity": {"1": {"effect": -0.6999999999999998, "hits": 2}, "2": {"effect": -0.0023437500000002137, "hits": 10}, "3": {"effect": -0.1843750000000001, "hits": 6}, "4": {"effect": -0.6375000000000002, "hits": 4}, "5": {"effect": -0.675, "hits": 3}}, "soil_moisture": {"1": {"effect": 1.65, "hits": 2}, "2": {"effect": -0.1, "hits": 1}, "3": {"effect": -0.1, "hits": 1}, "4": {"effect": -0.1, "hits": 20}, "5": {"effect": -0.1, "hits": 1}}}, "off,high,high": {"hits": 62, "temperature": {"1": {"effect": 2.0140625, "hits": 8}, "2": {"effect": 0.2352432399988173, "hits": 31}, "3": {"effect": 0.2335435628890991, "hits": 24}, "4": {"effect": 0.20000000000000018, "hits": 2}, "5": {"effect": 0.0, "hits": 1}}, "humidity": {"1": {"effect": 1.6640625, "hits": 8}, "2": {"effect": -0.09345703125, "hits": 12}, "3": {"effect": -0.07909741082330582, "hits": 39}, "4": {"effect": -0.25, "hits": 5}, "5": {"effect": -0.7999999999999998, "hits": 2}}, "soil_moisture": {"1": {"effect": 3.4734374999999993, "hits": 8}, "2": {"effect": -0.1, "hits": 1}, "3": {"effect": -0.1, "hits": 1}, "4": {"effect": -0.10000000036089603, "hits": 55}, "5": {"effect": -0.1, "hits": 1}}}, "low,off,off": {"hits": 12, "temperature": {"1": {"effect": -0.7000000000000002, "hits": 1}, "2": {"effect": -0.7000000000000002, "hits": 1}, "3": {"effect": -0.053125000000000054, "hits": 7}, "4": {"effect": 0.475, "hits": 4}, "5": {"effect": -0.19999999999999996, "hits": 3}}, "humidity": {"1": {"effect": 0.0, "hits": 1}, "2": {"effect": 0.153125, "hits": 7}, "3": {"effect": -0.2250000000000001, "hits": 4}, "4": {"effect": -0.9500000000000002, "hits": 3}, "5": {"effect": 0.0, "hits": 1}}, "soil_moisture": {"1": {"effect": 0.1, "hits": 1}, "2": {"effect": 0.1, "hits": 1}, "3": {"effect": 0.1, "hits": 5}, "4": {"effect": 0.1, "hits": 8}, "5": {"effect": 0.1, "hits": 1}}}, "low,off,low": {"hits": 9, "temperature": {"1": {"effect": 1.3999999999999997, "hits": 2}, "2": {"effect": 0.04999999999999982, "hits": 2}, "3": {"effect": 0.12343750000000019, "hits": 7}, "4": {"effect": 0.39999999999999947, "hits": 1}, "5": {"effect": 0.39999999999999947, "hits": 1}}, "humidity": {"1": {"effect": 0.8500000000000001, "hits": 2}, "2": {"effect": 0.20000000000000018, "hits": 2}, "3": {"effect": 0.1515625000000002, "hits": 7}, "4": {"effect": 0.7000000000000002, "hits": 1}, "5": {"effect": 0.7000000000000002, "hits": 1}}, "soil_moisture": {"1": {"effect": 0.1, "hits": 2}, "2": {"effect": 0.1, "hits": 1}, "3": {"effect": 0.1, "hits": 1}, "4": {"effect": 0.1, "hits": 8}, "5": {"effect": 0.1, "hits": 1}}}, "low,off,high": {"hits": 9,