{"off,off,off": {"hits": 98, "temperature": {"1": {"effect": 2.35, "hits": 9}, "2": {"effect": 0.03889160156250006, "hits": 16}, "3": {"effect": -0.12551345787830542, "hits": 66}, "4": {"effect": -0.34101562500000016, "hits": 13}, "5": {"effect": 0.0, "hits": 2}}, "humidity": {"1": {"effect": 1.6500000000000001, "hits": 9}, "2": {"effect": 0.28013763427734384, "hits": 24}, "3": {"effect": -0.2849500977885328, "hits": 40}, "4": {"effect": -0.7273074626922607, "hits": 25}, "5": {"effect": -0.43749999999999994, "hits": 8}}, "soil_moisture": {"1": {"effect": 2.625, "hits": 9}, "2": {"effect": -0.1, "hits": 2}, "3": {"effect": -0.1, "hits": 2}, "4": {"effect": -0.1, "hits": 88}, "5": {"effect": -0.1, "hits": 5}}}, "off,off,low": {"hits": 50, "temperature": {"1": {"effect": 1.4250000000000003, "hits": 3}, "2": {"effect": 0.2846883773803711, "hits": 20}, "3": {"effect": -0.1333636751398443, "hits": 30}, "4": {"effect": -0.2749999999999998, "hits": 3}, "5": {"effect": 0.1500000000000004, "hits": 2}}, "humidity": {"1": {"effect": 1.5, "hits": 3}, "2": {"effect": 0.6274963378906251, "hits": 16}, "3": {"effect": -0.6307295853272081, "hits": 31}, "4": {"effect": -0.5375000000000001, "hits": 6}, "5": {"effect": 0.2999999999999997, "hits": 2}}, "soil_moisture": {"1": {"effect": 1.6999999999999997, "hits": 3}, "2": {"effect": -0.1, "hits": 2}, "3": {"effect": -0.1, "hits": 2}, "4": {"effect": -0.1, "hits": 49}, "5": {"effect": -0.1, "hits": 2}}}, "off,off,high": {"hits": 115, "temperature": {"1": {"effect": 2.23125, "hits": 5}, "2": {"effect": 0.30278518497943885, "hits": 31}, "3": {"effect": 0.36820180037125094, "hits": 77}, "4": {"effect": -0.006250000000000089, "hits": 5}, "5": {"effect": 0.3999999999999993, "hits": 1}}, "humidity": {"1": {"effect": 2.35625, "hits": 5}, "2": {"effect": 0.4071893900632857, "hits": 26}, "3": {"effect": 0.2581721775831346, "hits": 53}, "4": {"effect": 0.5098356565926224, "hits": 32}, "5": {"effect": -0.14999999999999986, "hits": 3}}, "soil_moisture": {"1": {"effect": 2.55, "hits": 5}, "2": {"effect": -0.1, "hits": 1}, "3": {"effect": -0.1, "hits": 1}, "4": {"effect": -0.1, "hits": 111}, "5": {"effect": -0.1, "hits": 1}}}, "off,low,off": {"hits": 55, "temperature": {"1": {"effect": 0.9999999999999999, "hits": 2}, "2": {"effect": -0.28798828125, "hits": 11}, "3": {"effect": -0.23677131171862142, "hits": 37}, "4": {"effect": -0.24062499999999998, "hits": 6}, "5": {"effect": -0.6249999999999998, "hits": 3}}, "humidity": {"1": {"effect": 0.8499999999999999, "hits": 2}, "2": {"effect": 0.1014222741127015, "hits": 28}, "3": {"effect": -0.17015181481838232, "hits": 26}, "4": {"effect": -0.05, "hits": 2}, "5": {"effect": -0.20000000000000018, "hits": 1}}, "soil_moisture": {"1": {"effect": 1.6999999999999997, "hits": 2}, "2": {"effect": -0.1, "hits": 1}, "3": {"effect": -0.1, "hits": 2}, "4": {"effect": -0.09999999998253202, "hits": 53}, "5": {"effect": -0.1, "hits": 1}}}, "off,low,low": {"hits": 79, "temperature": {"1": {"effect": 1.625, "hits": 5}, "2": {"effect": 0.001602251455187798, "hits": 29}, "3": {"effect": -0.09862627370293937, "hits": 41}, "4": {"effect": -0.08906250000000002, "hits": 7}, "5": {"effect": -0.09999999999999964, "hits": 1}}, "humidity": {"1": {"effect": 2.6624999999999996, "hits": 5}, "2": {"effect": -0.05011596679687508, "hits": 16}, "3": {"effect": 0.00959272850086574, "hits": 38}, "4": {"effect": -0.5585947990417482, "hits": 21}, "5": {"effect": -0.3749999999999997, "hits": 3}}, "soil_moisture": {"1": {"effect": 1.6999999999999997, "hits": 5}, "2": {"effect": -0.1, "hits": 1}, "3": {"effect": -0.1, "hits": 1}, "4": {"effect": -0.10078125, "hits": 75}, "5": {"effect": -0.1, "hits": 1}}}, "off,low,high": {"hits": 110, "temperature": {"1": {"effect": 2.5625, "hits": 4}, "2": {"effect": 0.10001898249611259, "hits": 32}, "3": {"effect": -0.3989681217103514, "hits": 62}, "4": {"effect": -0.32255249023437527, "hits": 15}, "5": {"effect": -0.09999999999999964, "hits": 1}}, "humidity": {"1": {"effect": 1.3125, "hits": 4}, "2": {"effect": 0.004896601487416753, "hits": 34}, "3": {"effect": 0.07034698187883345, "hits": 51}, "4": {"effect": -0.48521270751953105, "hits": 20}, "5": {"effect": -0.8124999999999999, "hits": 5}}, "soil_moisture": {"1": {"effect": 2.525, "hits": 4}, "2": {"effect": -0.1, "hits": 1}, "3": {"effect": -0.1, "hits": 1}, "4": {"effect": -0.10039062500000001, "hits": 107}, "5": {"effect": -0.1, "hits": 1}}}, "off,high,off": {"hits": 52, "temperature": {"1": {"effect": 2.4125, "hits": 4}, "2": {"effect": -0.12646179199218738, "hits": 16}, "3": {"effect": -0.2941065659746529, "hits": 30}, "4": {"effect": -0.5249999999999999, "hits": 5}, "5": {"effect": -0.2999999999999998, "hits": 1}}, "humidity": {"1": {"effect": 2.15, "hits": 4}, "2": {"effect": -0.09788818359374986, "hits": 15}, "3": {"effect": -0.16686606928706169, "hits": 30}, "4": {"effect": -0.6437499999999998, "hits": 6}, "5": {"effect": -0.20000000000000018, "hits": 1}}, "soil_moisture": {"1": {"effect": -0.1, "hits": 4}, "2": {"effect": -0.1, "hits": 1}, "3": {"effect": -0.1, "hits": 1}, "4": {"effect": -0.10000000000054571, "hits": 49}, "5": {"effect": -0.1, "hits": 1}}}, "off,high,low": {"hits": 39, "temperature": {"1": {"effect": -0.1999999999999999, "hits": 2}, "2": {"effect": -0.06562499999999998, "hits": 6}, "3": {"effect": -0.1362746685743333, "hits": 30}, "4": {"effect": -0.02499999999999987, "hits": 4}, "5": {"effect": -1.2999999999999998, "hits": 1}}, "humidity": {"1": {"effect": -0.6999999999999998, "hits": 2}, "2": {"effect": -0.054724121093749856, "hits": 16}, "3": {"effect": -0.2193206787109375, "hits": 16}, "4": {"effect": -0.3843750000000002, "hits": 6}, "5": {"effect": -0.675, "hits": 3}}, "soil_moisture": {"1": {"effect": 1.65, "hits": 2}, "2": {"effect": -0.1, "hits": 1}, "3": {"effect": -0.1, "hits": 1}, "4": {"effect": -0.1, "hits": 38}, "5": {"effect": -0.1, "hits": 1}}}, "off,high,high": {"hits": 74, "temperature": {"1": {"effect": 2.0140625, "hits": 8}, "2": {"effect": 0.11762161999940865, "hits": 32}, "3": {"effect": -0.024690652557183, "hits": 35}, "4": {"effect": 0.20000000000000018, "hits": 2}, "5": {"effect": 0.0, "hits": 1}}, "humidity": {"1": {"effect": 1.6640625, "hits": 8}, "2": {"effect": -0.46396026611328123, "hits": 18}, "3": {"effect": -0.09309679408822835, "hits": 44}, "4": {"effect": -0.17500000000000018, "hits": 6}, "5": {"effect": -0.7999999999999998, "hits": 2}}, "soil_moisture": {"1": {"effect": 3.4734374999999993, "hits": 8}, "2": {"effect": -0.1, "hits": 1}, "3": {"effect": -0.1, "hits": 1}, "4": {"effect": -0.10000000000008812, "hits": 67}, "5": {"effect": -0.1, "hits": 1}}}, "low,off,off": {"hits": 12, "temperature": {"1": {"effect": -0.7000000000000002, "hits": 1}, "2": {"effect": -0.7000000000000002, "hits": 1}, "3": {"effect": -0.053125000000000054, "hits": 7}, "4": {"effect": 0.475, "hits": 4}, "5": {"effect": -0.19999999999999996, "hits": 3}}, "humidity": {"1": {"effect": 0.0, "hits": 1}, "2": {"effect": 0.153125, "hits": 7}, "3": {"effect": -0.2250000000000001, "hits": 4}, "4": {"effect": -0.9500000000000002, "hits": 3}, "5": {"effect": 0.0, "hits": 1}}, "soil_moisture": {"1": {"effect": 0.1, "hits": 1}, "2": {"effect": 0.1, "hits": 1}, "3": {"effect": 0.1, "hits": 5}, "4": {"effect": 0.1, "hits": 8}, "5": {"effect": 0.1, "hits": 1}}}, "low,off,low": {"hits": 10, "temperature": {"1": {"effect": 1.3999999999999997, "hits": 2}, "2": {"effect": 0.12499999999999992, "hits": 3}, "3": {"effect": 0.12343750000000019, "hits": 7}, "4": {"effect": 0.39999999999999947, "hits": 1}, "5": {"effect": 0.39999999999999947, "hits": 1}}, "humidity": {"1": {"effect": 0.8500000000000001, "hits": 2}, "2": {"effect": 0.20000000000000018, "hits": 2}, "3": {"effect": 0.1515625000000002, "hits": 7}, "4": {"effect": 0.4000000000000001, "hits": 2}, "5": {"effect": 0.7000000000000002, "hits": 1}}, "soil_moisture": {"1": {"effect": 0.1, "hits": 2}, "2": {"effect": 0.1, "hits": 1}, "3": {"effect": 0.1, "hits": 1},