{"off,off,off": {"hits": 136, "temperature": {"1": {"effect": 2.35, "hits": 9}, "2": {"effect": 0.05042860507965081, "hits": 26}, "3": {"effect": 0.14296186787543097, "hits": 81}, "4": {"effect": -0.106206178665161, "hits": 26}, "5": {"effect": 0.0, "hits": 2}}, "humidity": {"1": {"effect": 1.6500000000000001, "hits": 9}, "2": {"effect": 0.458754301071167, "hits": 29}, "3": {"effect": 0.45730331573187905, "hits": 55}, "4": {"effect": -0.663353358209133, "hits": 30}, "5": {"effect": -0.7940841674804688, "hits": 21}}, "soil_moisture": {"1": {"effect": 2.625, "hits": 9}, "2": {"effect": -0.1, "hits": 2}, "3": {"effect": -0.1, "hits": 2}, "4": {"effect": -0.10234375000000001, "hits": 126}, "5": {"effect": -0.1, "hits": 5}}}, "off,off,low": {"hits": 61, "temperature": {"1": {"effect": 1.4250000000000003, "hits": 3}, "2": {"effect": 0.1506616279482841, "hits": 27}, "3": {"effect": 0.2583295406075194, "hits": 33}, "4": {"effect": -0.23749999999999966, "hits": 4}, "5": {"effect": 0.1500000000000004, "hits": 2}}, "humidity": {"1": {"effect": 1.5, "hits": 3}, "2": {"effect": 0.6274963378906251, "hits": 16}, "3": {"effect": 0.48365880183409904, "hits": 34}, "4": {"effect": 0.48515624999999984, "hits": 10}, "5": {"effect": 0.08750000000000019, "hits": 6}}, "soil_moisture": {"1": {"effect": 1.6999999999999997, "hits": 3}, "2": {"effect": -0.1, "hits": 2}, "3": {"effect": -0.1, "hits": 2}, "4": {"effect": -0.10625000000000004, "hits": 60}, "5": {"effect": -0.1, "hits": 2}}}, "off,off,high": {"hits": 271, "temperature": {"1": {"effect": 2.715625, "hits": 6}, "2": {"effect": 0.4523069471127319, "hits": 63}, "3": {"effect": 0.2955990926364246, "hits": 159}, "4": {"effect": -0.06637884399847553, "hits": 46}, "5": {"effect": 0.3999999999999993, "hits": 1}}, "humidity": {"1": {"effect": 3.2781249999999997, "hits": 6}, "2": {"effect": 0.10615585419436706, "hits": 37}, "3": {"effect": -0.35404298437844406, "hits": 84}, "4": {"effect": -0.907283592964599, "hits": 63}, "5": {"effect": -1.7644498710038652, "hits": 85}}, "soil_moisture": {"1": {"effect": 3.075, "hits": 6}, "2": {"effect": -0.1, "hits": 1}, "3": {"effect": -0.1, "hits": 1}, "4": {"effect": -0.10000000000018272, "hits": 266}, "5": {"effect": -0.1, "hits": 1}}}, "off,low,off": {"hits": 71, "temperature": {"1": {"effect": 0.9999999999999999, "hits": 2}, "2": {"effect": -0.28798828125, "hits": 11}, "3": {"effect": -0.12959641396482763, "hits": 40}, "4": {"effect": -0.2205249786376955, "hits": 19}, "5": {"effect": -0.6249999999999998, "hits": 3}}, "humidity": {"1": {"effect": 0.8499999999999999, "hits": 2}, "2": {"effect": 0.1014222741127015, "hits": 28}, "3": {"effect": 0.005153877893462756, "hits": 32}, "4": {"effect": 0.28281249999999974, "hits": 7}, "5": {"effect": -1.015625, "hits": 6}}, "soil_moisture": {"1": {"effect": 1.6999999999999997, "hits": 2}, "2": {"effect": -0.1, "hits": 1}, "3": {"effect": -0.1, "hits": 2}, "4": {"effect": -0.09999999999999974, "hits": 69}, "5": {"effect": -0.1, "hits": 1}}}, "off,low,low": {"hits": 94, "temperature": {"1": {"effect": 1.625, "hits": 5}, "2": {"effect": -0.09919887427240617, "hits": 30}, "3": {"effect": 0.12187567076479336, "hits": 52}, "4": {"effect": -0.04863281249999987, "hits": 10}, "5": {"effect": -0.09999999999999964, "hits": 1}}, "humidity": {"1": {"effect": 2.6624999999999996, "hits": 5}, "2": {"effect": 0.4062355041503908, "hits": 19}, "3": {"effect": -0.0077750284042935325, "hits": 46}, "4": {"effect": -1.0396486997604368, "hits": 23}, "5": {"effect": -1.3937499999999998, "hits": 5}}, "soil_moisture": {"1": {"effect": 1.6999999999999997, "hits": 5}, "2": {"effect": -0.1, "hits": 1}, "3": {"effect": -0.1, "hits": 1}, "4": {"effect": -0.10004885196685792, "hits": 90}, "5": {"effect": -0.1, "hits": 1}}}, "off,low,high": {"hits": 149, "temperature": {"1": {"effect": 2.5625, "hits": 4}, "2": {"effect": 0.06691436769388445, "hits": 52}, "3": {"effect": 0.1520510331734106, "hits": 74}, "4": {"effect": -0.2111136913299559, "hits": 22}, "5": {"effect": -0.09999999999999964, "hits": 1}}, "humidity": {"1": {"effect": 1.3125, "hits": 4}, "2": {"effect": -0.011887924814073011, "hits": 37}, "3": {"effect": -0.4823048347933674, "hits": 67}, "4": {"effect": -0.8061922371387483, "hits": 28}, "5": {"effect": -1.5333282470703127, "hits": 17}}, "soil_moisture": {"1": {"effect": 2.525, "hits": 4}, "2": {"effect": -0.1, "hits": 1}, "3": {"effect": -0.1, "hits": 1}, "4": {"effect": -0.09999847412109447, "hits": 146}, "5": {"effect": -0.1, "hits": 1}}}, "off,high,off": {"hits": 66, "temperature": {"1": {"effect": 2.4125, "hits": 4}, "2": {"effect": -0.12646179199218738, "hits": 16}, "3": {"effect": -0.3358150699808335, "hits": 44}, "4": {"effect": -0.5249999999999999, "hits": 5}, "5": {"effect": -0.2999999999999998, "hits": 1}}, "humidity": {"1": {"effect": 2.15, "hits": 4}, "2": {"effect": -0.1938466250896454, "hits": 26}, "3": {"effect": 0.566566965356469, "hits": 31}, "4": {"effect": -0.271875, "hits": 7}, "5": {"effect": -0.15000000000000027, "hits": 2}}, "soil_moisture": {"1": {"effect": -0.1, "hits": 4}, "2": {"effect": -0.1, "hits": 1}, "3": {"effect": -0.1, "hits": 1}, "4": {"effect": -0.10000000000000003, "hits": 63}, "5": {"effect": -0.1, "hits": 1}}}, "off,high,low": {"hits": 44, "temperature": {"1": {"effect": -0.1999999999999999, "hits": 2}, "2": {"effect": -0.06562499999999998, "hits": 6}, "3": {"effect": -0.03406866714358337, "hits": 32}, "4": {"effect": 0.009375000000000099, "hits": 7}, "5": {"effect": -1.2999999999999998, "hits": 1}}, "humidity": {"1": {"effect": -0.6999999999999998, "hits": 2}, "2": {"effect": 0.1863189697265625, "hits": 18}, "3": {"effect": 0.29033966064453126, "hits": 17}, "4": {"effect": 0.17890625000000002, "hits": 8}, "5": {"effect": -0.675, "hits": 3}}, "soil_moisture": {"1": {"effect": 1.65, "hits": 2}, "2": {"effect": -0.1, "hits": 1}, "3": {"effect": -0.1, "hits": 1}, "4": {"effect": -0.1, "hits": 43}, "5": {"effect": -0.1, "hits": 1}}}, "off,high,high": {"hits": 95, "temperature": {"1": {"effect": 2.0140625, "hits": 8}, "2": {"effect": -0.04264864875003678, "hits": 36}, "3": {"effect": -0.03521713410769385, "hits": 46}, "4": {"effect": -0.09687500000000018, "hits": 8}, "5": {"effect": 0.0, "hits": 1}}, "humidity": {"1": {"effect": 1.6640625, "hits": 8}, "2": {"effect": -0.15399751663207992, "hits": 22}, "3": {"effect": -0.06869606870381414, "hits": 51}, "4": {"effect": -1.2093750000000003, "hits": 9}, "5": {"effect": -0.9593749999999998, "hits": 9}}, "soil_moisture": {"1": {"effect": 3.4734374999999993, "hits": 8}, "2": {"effect": -0.1, "hits": 1}, "3": {"effect": -0.1, "hits": 1}, "4": {"effect": -0.09995117187500001, "hits": 88}, "5": {"effect": -0.1, "hits": 1}}}, "low,off,off": {"hits": 12, "temperature": {"1": {"effect": -0.7000000000000002, "hits": 1}, "2": {"effect": -0.7000000000000002, "hits": 1}, "3": {"effect": -0.053125000000000054, "hits": 7}, "4": {"effect": 0.475, "hits": 4}, "5": {"effect": -0.19999999999999996, "hits": 3}}, "humidity": {"1": {"effect": 0.0, "hits": 1}, "2": {"effect": 0.153125, "hits": 7}, "3": {"effect": -0.2250000000000001, "hits": 4}, "4": {"effect": -0.9500000000000002, "hits": 3}, "5": {"effect": 0.0, "hits": 1}}, "soil_moisture": {"1": {"effect": 0.1, "hits": 1}, "2": {"effect": 0.1, "hits": 1}, "3": {"effect": 0.1, "hits": 5}, "4": {"effect": 0.1, "hits": 8}, "5": {"effect": 0.1, "hits": 1}}}, "low,off,low": {"hits": 10, "temperature": {"1": {"effect": 1.3999999999999997, "hits": 2}, "2": {"effect": 0.12499999999999992, "hits": 3}, "3": {"effect": 0.12343750000000019, "hits": 7}, "4": {"effect": 0.39999999999999947, "hits": 1}, "5": {"effect": 0.39999999999999947, "hits": 1}}, "humidity": {"1": {"effect": 0.8500000000000001, "hits": 2}, "2": {"effect": 0.20000000000000018, "hits": 2}, "3": {"effect": 0.1515625000000002, "hits": 7}, "4": {"effect": 0.4000000000000001, "hits": 2}, "5": {"effect": 0.7000000000000002, "hits": 1}}, "soil_moisture": {"1": {"effect": 0.1, "hits": 2},