{"off,off,off": {"hits": 68, "temperature": {"1": {"effect": 2.35, "hits": 9}, "2": {"effect": 0.1222656250000001, "hits": 12}, "3": {"effect": 0.10078359599283417, "hits": 45}, "4": {"effect": -0.012499999999999734, "hits": 8}, "5": {"effect": 0.0, "hits": 2}}, "humidity": {"1": {"effect": 1.6500000000000001, "hits": 9}, "2": {"effect": 0.175, "hits": 10}, "3": {"effect": 0.4775978326797484, "hits": 26}, "4": {"effect": 0.1453850746154784, "hits": 24}, "5": {"effect": -0.9749999999999999, "hits": 7}}, "soil_moisture": {"1": {"effect": 2.625, "hits": 9}, "2": {"effect": -0.1, "hits": 2}, "3": {"effect": -0.1, "hits": 2}, "4": {"effect": -0.1, "hits": 58}, "5": {"effect": -0.1, "hits": 5}}}, "off,off,low": {"hits": 24, "temperature": {"1": {"effect": 1.4250000000000003, "hits": 3}, "2": {"effect": 0.34011230468749987, "hits": 13}, "3": {"effect": -0.38725585937500007, "hits": 12}, "4": {"effect": 0.1500000000000004, "hits": 2}, "5": {"effect": 0.1500000000000004, "hits": 2}}, "humidity": {"1": {"effect": 1.5, "hits": 3}, "2": {"effect": 0.6562499999999999, "hits": 6}, "3": {"effect": 0.026473999023437576, "hits": 17}, "4": {"effect": -0.8499999999999999, "hits": 4}, "5": {"effect": 0.2999999999999997, "hits": 2}}, "soil_moisture": {"1": {"effect": 1.6999999999999997, "hits": 3}, "2": {"effect": -0.1, "hits": 2}, "3": {"effect": -0.1, "hits": 2}, "4": {"effect": -0.1, "hits": 23}, "5": {"effect": -0.1, "hits": 2}}}, "off,off,high": {"hits": 58, "temperature": {"1": {"effect": 2.23125, "hits": 5}, "2": {"effect": 0.56494140625, "hits": 16}, "3": {"effect": -0.07610011525175644, "hits": 38}, "4": {"effect": 0.1499999999999996, "hits": 2}, "5": {"effect": 0.3999999999999993, "hits": 1}}, "humidity": {"1": {"effect": 2.35625, "hits": 5}, "2": {"effect": 0.19096679687500023, "hits": 12}, "3": {"effect": 0.19856282575055942, "hits": 32}, "4": {"effect": -0.666552734375, "hits": 12}, "5": {"effect": 0.30000000000000016, "hits": 1}}, "soil_moisture": {"1": {"effect": 2.55, "hits": 5}, "2": {"effect": -0.1, "hits": 1}, "3": {"effect": -0.1, "hits": 1}, "4": {"effect": -0.10000000298023225, "hits": 54}, "5": {"effect": -0.1, "hits": 1}}}, "off,low,off": {"hits": 34, "temperature": {"1": {"effect": 0.9999999999999999, "hits": 2}, "2": {"effect": -0.28798828125, "hits": 11}, "3": {"effect": -0.2149566650390624, "hits": 17}, "4": {"effect": 0.11874999999999993, "hits": 5}, "5": {"effect": -0.6249999999999998, "hits": 3}}, "humidity": {"1": {"effect": 0.8499999999999999, "hits": 2}, "2": {"effect": 0.10253906249999986, "hits": 14}, "3": {"effect": -0.47943229675292964, "hits": 19}, "4": {"effect": -0.05, "hits": 2}, "5": {"effect": -0.20000000000000018, "hits": 1}}, "soil_moisture": {"1": {"effect": 1.6999999999999997, "hits": 2}, "2": {"effect": -0.1, "hits": 1}, "3": {"effect": -0.1, "hits": 2}, "4": {"effect": -0.09996336698532104, "hits": 32}, "5": {"effect": -0.1, "hits": 1}}}, "off,low,low": {"hits": 46, "temperature": {"1": {"effect": 2.25, "hits": 4}, "2": {"effect": 0.22060546875000023, "hits": 11}, "3": {"effect": 0.1267829127609729, "hits": 29}, "4": {"effect": -0.5562500000000002, "hits": 5}, "5": {"effect": -0.09999999999999964, "hits": 1}}, "humidity": {"1": {"effect": 2.325, "hits": 4}, "2": {"effect": -0.11484374999999991, "hits": 9}, "3": {"effect": -0.16188993453979494, "hits": 21}, "4": {"effect": 0.3998657226562498, "hits": 14}, "5": {"effect": -0.5499999999999998, "hits": 2}}, "soil_moisture": {"1": {"effect": -0.1, "hits": 4}, "2": {"effect": -0.1, "hits": 1}, "3": {"effect": -0.1, "hits": 1}, "4": {"effect": -0.1, "hits": 43}, "5": {"effect": -0.1, "hits": 1}}}, "off,low,high": {"hits": 58, "temperature": {"1": {"effect": 1.425, "hits": 3}, "2": {"effect": 0.10917968750000007, "hits": 11}, "3": {"effect": 0.07980456336226774, "hits": 36}, "4": {"effect": -0.36083984375000017, "hits": 11}, "5": {"effect": -0.09999999999999964, "hits": 1}}, "humidity": {"1": {"effect": 1.625, "hits": 3}, "2": {"effect": 0.5588012695312503, "hits": 14}, "3": {"effect": 0.03921764490660273, "hits": 33}, "4": {"effect": -0.6156250000000001, "hits": 9}, "5": {"effect": -0.25, "hits": 3}}, "soil_moisture": {"1": {"effect": 1.65, "hits": 3}, "2": {"effect": -0.1, "hits": 1}, "3": {"effect": -0.1, "hits": 1}, "4": {"effect": -0.09999999850988389, "hits": 56}, "5": {"effect": -0.1, "hits": 1}}}, "off,high,off": {"hits": 29, "temperature": {"1": {"effect": 2.4125, "hits": 4}, "2": {"effect": -0.35292358398437507, "hits": 15}, "3": {"effect": -0.4432617187500001, "hits": 11}, "4": {"effect": -0.2999999999999998, "hits": 2}, "5": {"effect": -0.2999999999999998, "hits": 1}}, "humidity": {"1": {"effect": 2.15, "hits": 4}, "2": {"effect": -0.02968749999999991, "hits": 8}, "3": {"effect": -0.2673583984374999, "hits": 15}, "4": {"effect": -0.0874999999999998, "hits": 5}, "5": {"effect": -0.20000000000000018, "hits": 1}}, "soil_moisture": {"1": {"effect": -0.1, "hits": 4}, "2": {"effect": -0.1, "hits": 1}, "3": {"effect": -0.1, "hits": 1}, "4": {"effect": -0.10000457763671876, "hits": 26}, "5": {"effect": -0.1, "hits": 1}}}, "off,high,low": {"hits": 16, "temperature": {"1": {"effect": -0.1999999999999999, "hits": 2}, "2": {"effect": -0.3249999999999998, "hits": 3}, "3": {"effect": -0.07343750000000013, "hits": 11}, "4": {"effect": -0.1499999999999999, "hits": 3}, "5": {"effect": -1.2999999999999998, "hits": 1}}, "humidity": {"1": {"effect": -0.6999999999999998, "hits": 2}, "2": {"effect": -0.009375000000000008, "hits": 8}, "3": {"effect": -0.4375000000000001, "hits": 4}, "4": {"effect": -0.8750000000000001, "hits": 3}, "5": {"effect": -0.675, "hits": 3}}, "soil_moisture": {"1": {"effect": 1.65, "hits": 2}, "2": {"effect": -0.1, "hits": 1}, "3": {"effect": -0.1, "hits": 1}, "4": {"effect": -0.1, "hits": 15}, "5": {"effect": -0.1, "hits": 1}}}, "off,high,high": {"hits": 53, "temperature": {"1": {"effect": 2.0140625, "hits": 8}, "2": {"effect": 0.18194591999053944, "hits": 28}, "3": {"effect": 0.04678802490234379, "hits": 18}, "4": {"effect": 0.20000000000000018, "hits": 2}, "5": {"effect": 0.0, "hits": 1}}, "humidity": {"1": {"effect": 1.6640625, "hits": 8}, "2": {"effect": -0.09345703125, "hits": 12}, "3": {"effect": 0.20212565846741193, "hits": 30}, "4": {"effect": -0.25, "hits": 5}, "5": {"effect": -0.7999999999999998, "hits": 2}}, "soil_moisture": {"1": {"effect": 3.4734374999999993, "hits": 8}, "2": {"effect": -0.1, "hits": 1}, "3": {"effect": -0.1, "hits": 1}, "4": {"effect": -0.10000018477876438, "hits": 46}, "5": {"effect": -0.1, "hits": 1}}}, "low,off,off": {"hits": 12, "temperature": {"1": {"effect": -0.7000000000000002, "hits": 1}, "2": {"effect": -0.7000000000000002, "hits": 1}, "3": {"effect": -0.053125000000000054, "hits": 7}, "4": {"effect": 0.475, "hits": 4}, "5": {"effect": -0.19999999999999996, "hits": 3}}, "humidity": {"1": {"effect": 0.0, "hits": 1}, "2": {"effect": 0.153125, "hits": 7}, "3": {"effect": -0.2250000000000001, "hits": 4}, "4": {"effect": -0.9500000000000002, "hits": 3}, "5": {"effect": 0.0, "hits": 1}}, "soil_moisture": {"1": {"effect": 0.1, "hits": 1}, "2": {"effect": 0.1, "hits": 1}, "3": {"effect": 0.1, "hits": 5}, "4": {"effect": 0.1, "hits": 8}, "5": {"effect": 0.1, "hits": 1}}}, "low,off,low": {"hits": 9, "temperature": {"1": {"effect": 1.3999999999999997, "hits": 2}, "2": {"effect": 0.04999999999999982, "hits": 2}, "3": {"effect": 0.12343750000000019, "hits": 7}, "4": {"effect": 0.39999999999999947, "hits": 1}, "5": {"effect": 0.39999999999999947, "hits": 1}}, "humidity": {"1": {"effect": 0.8500000000000001, "hits": 2}, "2": {"effect": 0.20000000000000018, "hits": 2}, "3": {"effect": 0.1515625000000002, "hits": 7}, "4": {"effect": 0.7000000000000002, "hits": 1}, "5": {"effect": 0.7000000000000002, "hits": 1}}, "soil_moisture": {"1": {"effect": 0.1, "hits": 2}, "2": {"effect": 0.1, "hits": 1}, "3": {"effect": 0.1, "hits": 1}, "4": {"effect": 0.1, "hits": 8}, "5": {"effect": 0.1, "hits": 1}}}, "low,off,high": {"hits": 9,