{"off,off,off": {"hits": 170, "temperature": {"1": {"effect": 3.075, "hits": 10}, "2": {"effect": -0.06171873797688363, "hits": 48}, "3": {"effect": 0.006584923699097162, "hits": 91}, "4": {"effect": -0.0531030893325805, "hits": 27}, "5": {"effect": 0.0, "hits": 2}}, "humidity": {"1": {"effect": 0.48125, "hits": 12}, "2": {"effect": 0.16920901797711851, "hits": 36}, "3": {"effect": 0.42843223303853906, "hits": 64}, "4": {"effect": -0.1946549870277522, "hits": 39}, "5": {"effect": 9.24348831176161e-05, "hits": 27}}, "soil_moisture": {"1": {"effect": 2.9625000000000004, "hits": 10}, "2": {"effect": -0.1, "hits": 2}, "3": {"effect": -0.1, "hits": 2}, "4": {"effect": -0.10000000000027286, "hits": 159}, "5": {"effect": -0.1, "hits": 5}}}, "off,off,low": {"hits": 114, "temperature": {"1": {"effect": 1.3125000000000002, "hits": 4}, "2": {"effect": 0.5152174947807998, "hits": 55}, "3": {"effect": -0.1458490093567179, "hits": 54}, "4": {"effect": -0.5546874999999999, "hits": 7}, "5": {"effect": 0.1500000000000004, "hits": 2}}, "humidity": {"1": {"effect": 0.25, "hits": 8}, "2": {"effect": 0.09834595106531197, "hits": 41}, "3": {"effect": 0.20065358438932884, "hits": 41}, "4": {"effect": 0.14018192291259773, "hits": 22}, "5": {"effect": -0.20078124999999997, "hits": 10}}, "soil_moisture": {"1": {"effect": 2.4499999999999997, "hits": 4}, "2": {"effect": -0.1, "hits": 2}, "3": {"effect": -0.1, "hits": 2}, "4": {"effect": -0.09999990462965798, "hits": 112}, "5": {"effect": -0.1, "hits": 2}}}, "off,off,high": {"hits": 379, "temperature": {"1": {"effect": 2.5078125, "hits": 7}, "2": {"effect": 0.42380578804550195, "hits": 112}, "3": {"effect": -0.04415877077156358, "hits": 213}, "4": {"effect": -0.04789867774990486, "hits": 50}, "5": {"effect": 0.3999999999999993, "hits": 1}}, "humidity": {"1": {"effect": 0.125050038844347, "hits": 28}, "2": {"effect": 0.1381230109261996, "hits": 70}, "3": {"effect": 0.6236215847847997, "hits": 122}, "4": {"effect": -1.1737978296994924, "hits": 78}, "5": {"effect": -1.7644498710038652, "hits": 85}}, "soil_moisture": {"1": {"effect": 3.2874999999999996, "hits": 7}, "2": {"effect": -0.1, "hits": 1}, "3": {"effect": -0.1, "hits": 1}, "4": {"effect": -0.0999999046325989, "hits": 373}, "5": {"effect": -0.1, "hits": 1}}}, "off,low,off": {"hits": 72, "temperature": {"1": {"effect": 0.9999999999999999, "hits": 2}, "2": {"effect": -0.28798828125, "hits": 11}, "3": {"effect": -0.12959641396482763, "hits": 40}, "4": {"effect": -0.060262489318847395, "hits": 20}, "5": {"effect": -0.6249999999999998, "hits": 3}}, "humidity": {"1": {"effect": 0.8499999999999999, "hits": 2}, "2": {"effect": 0.1014222741127015, "hits": 28}, "3": {"effect": 0.5025769389467312, "hits": 33}, "4": {"effect": 0.28281249999999974, "hits": 7}, "5": {"effect": -1.015625, "hits": 6}}, "soil_moisture": {"1": {"effect": 1.6999999999999997, "hits": 2}, "2": {"effect": -0.1, "hits": 1}, "3": {"effect": -0.1, "hits": 2}, "4": {"effect": -0.09999999999999987, "hits": 70}, "5": {"effect": -0.1, "hits": 1}}}, "off,low,low": {"hits": 294, "temperature": {"1": {"effect": 1.625, "hits": 5}, "2": {"effect": -0.0502046181915667, "hits": 127}, "3": {"effect": -0.026733338024824162, "hits": 148}, "4": {"effect": -0.8714736938476562, "hits": 17}, "5": {"effect": -0.09999999999999964, "hits": 1}}, "humidity": {"1": {"effect": -0.04997401237483979, "hits": 52}, "2": {"effect": 0.0937377929692954, "hits": 159}, "3": {"effect": -0.03848035890058807, "hits": 57}, "4": {"effect": 0.2650878250598909, "hits": 25}, "5": {"effect": -1.3937499999999998, "hits": 5}}, "soil_moisture": {"1": {"effect": 1.6999999999999997, "hits": 5}, "2": {"effect": -0.1, "hits": 1}, "3": {"effect": -0.1, "hits": 1}, "4": {"effect": -0.1, "hits": 290}, "5": {"effect": -0.1, "hits": 1}}}, "off,low,high": {"hits": 830, "temperature": {"1": {"effect": 1.3289062500000002, "hits": 8}, "2": {"effect": 0.23345284441353942, "hits": 419}, "3": {"effect": 0.06247635017825957, "hits": 368}, "4": {"effect": -0.508768039358256, "hits": 37}, "5": {"effect": 1.8041124150158794e-16, "hits": 2}}, "humidity": {"1": {"effect": 0.44210538864135746, "hits": 170}, "2": {"effect": -0.09999387417592495, "hits": 462}, "3": {"effect": 0.03992898618221825, "hits": 130}, "4": {"effect": 0.027743624164524867, "hits": 50}, "5": {"effect": -0.23854150772094734, "hits": 22}}, "soil_moisture": {"1": {"effect": 3.4953125, "hits": 8}, "2": {"effect": -0.1, "hits": 1}, "3": {"effect": -0.1, "hits": 1}, "4": {"effect": -0.07426147609949121, "hits": 823}, "5": {"effect": -0.1, "hits": 1}}}, "off,high,off": {"hits": 278, "temperature": {"1": {"effect": 2.4125, "hits": 4}, "2": {"effect": -0.33354764131310477, "hits": 150}, "3": {"effect": -0.3405969410887167, "hits": 116}, "4": {"effect": -0.9578125000000002, "hits": 9}, "5": {"effect": -0.5999999999999999, "hits": 3}}, "humidity": {"1": {"effect": -0.1968749999999539, "hits": 56}, "2": {"effect": 0.0015146789548454997, "hits": 164}, "3": {"effect": -0.0822947823326105, "hits": 36}, "4": {"effect": -0.6381312847137453, "hits": 23}, "5": {"effect": -0.12500000000000033, "hits": 3}}, "soil_moisture": {"1": {"effect": -0.1, "hits": 4}, "2": {"effect": -0.1, "hits": 1}, "3": {"effect": -0.1, "hits": 1}, "4": {"effect": -0.1, "hits": 274}, "5": {"effect": -0.4999999999999999, "hits": 2}}}, "off,high,low": {"hits": 258, "temperature": {"1": {"effect": -0.1999999999999999, "hits": 2}, "2": {"effect": 0.07031890608506654, "hits": 149}, "3": {"effect": -0.03250626141282005, "hits": 100}, "4": {"effect": -0.12382812499999975, "hits": 10}, "5": {"effect": -1.2999999999999998, "hits": 1}}, "humidity": {"1": {"effect": -0.14999999739229675, "hits": 30}, "2": {"effect": -0.20002441406832028, "hits": 168}, "3": {"effect": 0.468146228790283, "hits": 21}, "4": {"effect": -0.18168183775669614, "hits": 39}, "5": {"effect": -0.6374999999999997, "hits": 4}}, "soil_moisture": {"1": {"effect": 1.65, "hits": 2}, "2": {"effect": -0.1, "hits": 1}, "3": {"effect": -0.1, "hits": 1}, "4": {"effect": -0.1, "hits": 257}, "5": {"effect": -0.1, "hits": 1}}}, "off,high,high": {"hits": 452, "temperature": {"1": {"effect": 2.018804931640625, "hits": 16}, "2": {"effect": -0.0013855032572072795, "hits": 207}, "3": {"effect": -0.04842634613512315, "hits": 211}, "4": {"effect": -0.6387931823730468, "hits": 20}, "5": {"effect": -0.9000000000000004, "hits": 2}}, "humidity": {"1": {"effect": 0.300010687113172, "hits": 108}, "2": {"effect": -0.20000002757297575, "hits": 256}, "3": {"effect": -1.2677657949386483, "hits": 63}, "4": {"effect": -0.12070770263671855, "hits": 20}, "5": {"effect": -0.9593749999999998, "hits": 9}}, "soil_moisture": {"1": {"effect": 3.550677490234375, "hits": 16}, "2": {"effect": -0.1, "hits": 1}, "3": {"effect": -0.1, "hits": 1}, "4": {"effect": -0.10042419433593751, "hits": 437}, "5": {"effect": -0.1, "hits": 1}}}, "low,off,off": {"hits": 12, "temperature": {"1": {"effect": -0.7000000000000002, "hits": 1}, "2": {"effect": -0.7000000000000002, "hits": 1}, "3": {"effect": -0.053125000000000054, "hits": 7}, "4": {"effect": 0.475, "hits": 4}, "5": {"effect": -0.19999999999999996, "hits": 3}}, "humidity": {"1": {"effect": 0.0, "hits": 1}, "2": {"effect": 0.153125, "hits": 7}, "3": {"effect": -0.2250000000000001, "hits": 4}, "4": {"effect": -0.9500000000000002, "hits": 3}, "5": {"effect": 0.0, "hits": 1}}, "soil_moisture": {"1": {"effect": 0.1, "hits": 1}, "2": {"effect": 0.1, "hits": 1}, "3": {"effect": 0.1, "hits": 5}, "4": {"effect": 0.1, "hits": 8}, "5": {"effect": 0.1, "hits": 1}}}, "low,off,low": {"hits": 10, "temperature": {"1": {"effect": 1.3999999999999997, "hits": 2}, "2": {"effect": 0.12499999999999992, "hits": 3}, "3": {"effect": 0.12343750000000019, "hits": 7}, "4": {"effect": 0.39999999999999947, "hits": 1}, "5": {"effect": 0.39999999999999947, "hits": 1}}, "humidity": {"1": {"effect": 0.8500000000000001, "hits": 2}, "2": {"effect": 0.20000000000000018, "hits": 2}, "3": {"effect": 0.1515625000000002, "hits": 7},