{"off,off,off": {"hits": 154, "temperature": {"1": {"effect": 3.075, "hits": 10}, "2": {"effect": 1.5389588952530154e-06, "hits": 41}, "3": {"effect": -0.02851906606228438, "hits": 82}, "4": {"effect": -0.0531030893325805, "hits": 27}, "5": {"effect": 0.0, "hits": 2}}, "humidity": {"1": {"effect": 1.625, "hits": 10}, "2": {"effect": 0.458754301071167, "hits": 29}, "3": {"effect": 0.15491572861662123, "hits": 60}, "4": {"effect": -0.1572398962220177, "hits": 36}, "5": {"effect": 9.24348831176161e-05, "hits": 27}}, "soil_moisture": {"1": {"effect": 2.9625000000000004, "hits": 10}, "2": {"effect": -0.1, "hits": 2}, "3": {"effect": -0.1, "hits": 2}, "4": {"effect": -0.10000001788139344, "hits": 143}, "5": {"effect": -0.1, "hits": 5}}}, "off,off,low": {"hits": 89, "temperature": {"1": {"effect": 1.3125000000000002, "hits": 4}, "2": {"effect": 0.199807271984173, "hits": 35}, "3": {"effect": 0.4332079251462576, "hits": 51}, "4": {"effect": -0.21874999999999978, "hits": 5}, "5": {"effect": 0.1500000000000004, "hits": 2}}, "humidity": {"1": {"effect": 2.5, "hits": 4}, "2": {"effect": 0.5079685211181642, "hits": 20}, "3": {"effect": 0.20065358438932884, "hits": 41}, "4": {"effect": 0.14018192291259773, "hits": 22}, "5": {"effect": -0.20078124999999997, "hits": 10}}, "soil_moisture": {"1": {"effect": 2.4499999999999997, "hits": 4}, "2": {"effect": -0.1, "hits": 2}, "3": {"effect": -0.1, "hits": 2}, "4": {"effect": -0.09990234379656614, "hits": 87}, "5": {"effect": -0.1, "hits": 2}}}, "off,off,high": {"hits": 305, "temperature": {"1": {"effect": 2.715625, "hits": 6}, "2": {"effect": 0.3000743686265199, "hits": 74}, "3": {"effect": 0.5182938533774307, "hits": 179}, "4": {"effect": -0.19579735549980956, "hits": 49}, "5": {"effect": 0.3999999999999993, "hits": 1}}, "humidity": {"1": {"effect": 3.2781249999999997, "hits": 6}, "2": {"effect": 0.17653896354859183, "hits": 39}, "3": {"effect": 0.032090228314043984, "hits": 107}, "4": {"effect": -0.5230611007675087, "hits": 72}, "5": {"effect": -1.7644498710038652, "hits": 85}}, "soil_moisture": {"1": {"effect": 3.075, "hits": 6}, "2": {"effect": -0.1, "hits": 1}, "3": {"effect": -0.1, "hits": 1}, "4": {"effect": -0.10000026300549508, "hits": 300}, "5": {"effect": -0.1, "hits": 1}}}, "off,low,off": {"hits": 72, "temperature": {"1": {"effect": 0.9999999999999999, "hits": 2}, "2": {"effect": -0.28798828125, "hits": 11}, "3": {"effect": -0.12959641396482763, "hits": 40}, "4": {"effect": -0.060262489318847395, "hits": 20}, "5": {"effect": -0.6249999999999998, "hits": 3}}, "humidity": {"1": {"effect": 0.8499999999999999, "hits": 2}, "2": {"effect": 0.1014222741127015, "hits": 28}, "3": {"effect": 0.5025769389467312, "hits": 33}, "4": {"effect": 0.28281249999999974, "hits": 7}, "5": {"effect": -1.015625, "hits": 6}}, "soil_moisture": {"1": {"effect": 1.6999999999999997, "hits": 2}, "2": {"effect": -0.1, "hits": 1}, "3": {"effect": -0.1, "hits": 2}, "4": {"effect": -0.09999999999999987, "hits": 70}, "5": {"effect": -0.1, "hits": 1}}}, "off,low,low": {"hits": 108, "temperature": {"1": {"effect": 1.625, "hits": 5}, "2": {"effect": -0.09919887427240617, "hits": 30}, "3": {"effect": 0.0840873719899329, "hits": 64}, "4": {"effect": -0.28715820312500007, "hits": 12}, "5": {"effect": -0.09999999999999964, "hits": 1}}, "humidity": {"1": {"effect": 2.6624999999999996, "hits": 5}, "2": {"effect": 0.35155887603759767, "hits": 21}, "3": {"effect": 0.22303928219882402, "hits": 56}, "4": {"effect": 0.2650878250598909, "hits": 25}, "5": {"effect": -1.3937499999999998, "hits": 5}}, "soil_moisture": {"1": {"effect": 1.6999999999999997, "hits": 5}, "2": {"effect": -0.1, "hits": 1}, "3": {"effect": -0.1, "hits": 1}, "4": {"effect": -0.10000000298168743, "hits": 104}, "5": {"effect": -0.1, "hits": 1}}}, "off,low,high": {"hits": 191, "temperature": {"1": {"effect": 1.83125, "hits": 5}, "2": {"effect": 0.09999999999807417, "hits": 86}, "3": {"effect": 0.028253189573338167, "hits": 78}, "4": {"effect": 0.6722215771675113, "hits": 24}, "5": {"effect": 1.8041124150158794e-16, "hits": 2}}, "humidity": {"1": {"effect": 1.70625, "hits": 5}, "2": {"effect": 0.011014009398240855, "hits": 40}, "3": {"effect": 0.11488253114809656, "hits": 80}, "4": {"effect": -0.18902550334190105, "hits": 48}, "5": {"effect": -0.23854150772094734, "hits": 22}}, "soil_moisture": {"1": {"effect": 2.8625, "hits": 5}, "2": {"effect": -0.1, "hits": 1}, "3": {"effect": -0.1, "hits": 1}, "4": {"effect": -0.09842338226735592, "hits": 187}, "5": {"effect": -0.1, "hits": 1}}}, "off,high,off": {"hits": 85, "temperature": {"1": {"effect": 2.4125, "hits": 4}, "2": {"effect": -0.2999947040341795, "hits": 31}, "3": {"effect": -0.3358150699808335, "hits": 44}, "4": {"effect": 0.36875000000000013, "hits": 7}, "5": {"effect": -0.5999999999999999, "hits": 3}}, "humidity": {"1": {"effect": 2.15, "hits": 4}, "2": {"effect": -0.24336541406810286, "hits": 30}, "3": {"effect": 0.566566965356469, "hits": 31}, "4": {"effect": -0.2525251388549803, "hits": 21}, "5": {"effect": -0.12500000000000033, "hits": 3}}, "soil_moisture": {"1": {"effect": -0.1, "hits": 4}, "2": {"effect": -0.1, "hits": 1}, "3": {"effect": -0.1, "hits": 1}, "4": {"effect": -0.1, "hits": 82}, "5": {"effect": -0.1, "hits": 1}}}, "off,high,low": {"hits": 81, "temperature": {"1": {"effect": -0.1999999999999999, "hits": 2}, "2": {"effect": -0.0999999999679858, "hits": 36}, "3": {"effect": -0.419814645848237, "hits": 37}, "4": {"effect": -0.24765625000000002, "hits": 9}, "5": {"effect": -1.2999999999999998, "hits": 1}}, "humidity": {"1": {"effect": -0.6999999999999998, "hits": 2}, "2": {"effect": 0.19315948486328122, "hits": 19}, "3": {"effect": 0.468146228790283, "hits": 21}, "4": {"effect": -0.18168183775669614, "hits": 39}, "5": {"effect": -0.6374999999999997, "hits": 4}}, "soil_moisture": {"1": {"effect": 1.65, "hits": 2}, "2": {"effect": -0.1, "hits": 1}, "3": {"effect": -0.1, "hits": 1}, "4": {"effect": -0.1, "hits": 80}, "5": {"effect": -0.1, "hits": 1}}}, "off,high,high": {"hits": 118, "temperature": {"1": {"effect": 3.003515625, "hits": 10}, "2": {"effect": -2.0824535522478896e-05, "hits": 47}, "3": {"effect": 0.048899464559134506, "hits": 51}, "4": {"effect": -0.3310546874999997, "hits": 12}, "5": {"effect": -0.9000000000000004, "hits": 2}}, "humidity": {"1": {"effect": 1.441015625, "hits": 10}, "2": {"effect": -0.20337484478950502, "hits": 26}, "3": {"effect": -0.3685054380367487, "hits": 58}, "4": {"effect": -0.24141540527343727, "hits": 19}, "5": {"effect": -0.9593749999999998, "hits": 9}}, "soil_moisture": {"1": {"effect": 3.3433593750000004, "hits": 10}, "2": {"effect": -0.1, "hits": 1}, "3": {"effect": -0.1, "hits": 1}, "4": {"effect": -0.09999999997671694, "hits": 109}, "5": {"effect": -0.1, "hits": 1}}}, "low,off,off": {"hits": 12, "temperature": {"1": {"effect": -0.7000000000000002, "hits": 1}, "2": {"effect": -0.7000000000000002, "hits": 1}, "3": {"effect": -0.053125000000000054, "hits": 7}, "4": {"effect": 0.475, "hits": 4}, "5": {"effect": -0.19999999999999996, "hits": 3}}, "humidity": {"1": {"effect": 0.0, "hits": 1}, "2": {"effect": 0.153125, "hits": 7}, "3": {"effect": -0.2250000000000001, "hits": 4}, "4": {"effect": -0.9500000000000002, "hits": 3}, "5": {"effect": 0.0, "hits": 1}}, "soil_moisture": {"1": {"effect": 0.1, "hits": 1}, "2": {"effect": 0.1, "hits": 1}, "3": {"effect": 0.1, "hits": 5}, "4": {"effect": 0.1, "hits": 8}, "5": {"effect": 0.1, "hits": 1}}}, "low,off,low": {"hits": 10, "temperature": {"1": {"effect": 1.3999999999999997, "hits": 2}, "2": {"effect": 0.12499999999999992, "hits": 3}, "3": {"effect": 0.12343750000000019, "hits": 7}, "4": {"effect": 0.39999999999999947, "hits": 1}, "5": {"effect": 0.39999999999999947, "hits": 1}}, "humidity": {"1": {"effect": 0.8500000000000001, "hits": 2}, "2": {"effect": 0.20000000000000018, "hits": 2}, "3": {"effect": 0.1515625000000002, "hits": 7}, "4": {"effect": 0.4000000000000001, "hits": 2}, "5": {"effect": 0.7000000000000002, "hits": 1}},